record,project_id,project_name,project_start,data_curator,project_record,setup,device_geometry,measurement_id,record_id,date,time,protocol,experimenter,available_$device,available_gloptic_spectis1,available_gigahertz-optic_msc15,available_jeti_spectraval1511,available_westborophotonics_wp690e-circ,wp690csv,available_kleininstruments_k-10a,available_inteldrealsense_d455,available_gopro_hero10black_video,available_gopro_hero10black_photo,location,latitude,longitude,direction,elevation,groundheight,boxtilt,boxheight,temperature,humidity,weather,other_weather,wind,scene,other_scene,view,other_view,lighting,other_lighting,technotes,available_all
1,101,SCENES,20230208,Niloufar Tabandeh,1,Full setup,,1001,1001_20230208T0800,20230208,800,Timelapse,NT-AH,,0,0,1,1,1,1,1,1,1,Tübingen-DE,48.5372222222222,9.058611111111112,120SE,460,4,0,130,-3.5,55.1,Clear,,No wind,countryside,,Outdoor,,daylight,,,2
2,101,SCENES,20230208,Niloufar Tabandeh,2,Full setup,,1001,1001_20230208T0830,20230208,830,Timelapse,NT-AH,,0,0,1,0,0,1,1,1,1,Tübingen-DE,48.53722222222222,9.058611111111112,120SE,460,4,0,130,-2.1,50.8,Clear,,No wind,countryside,,Outdoor,,daylight,,,1
3,101,SCENES,20230208,Niloufar Tabandeh,3,Full setup,,1001,1001_20230208T0900,20230208,900,Timelapse,NT-AH,,0,0,1,1,1,1,1,1,1,Tübingen-DE,48.53722222222222,9.058611111111112,120SE,460,4,0,130,-2,50.1,Clear,,No wind,countryside,,Outdoor,,daylight,,,2
4,101,SCENES,20230208,Niloufar Tabandeh,4,Full setup,,1001,1001_20230208T0930,20230208,930,Timelapse,NT-AH,,0,0,1,1,1,1,1,1,1,Tübingen-DE,48.53722222222222,9.058611111111112,120SE,460,4,0,130,-1.1,53.6,Clear,,No wind,countryside,,Outdoor,,daylight,,,2
5,101,SCENES,20230208,Niloufar Tabandeh,5,Full setup,,1001,1001_20230208T1000,20230208,1000,Timelapse,NT-AH,,0,0,1,1,1,1,1,1,1,Tübingen-DE,48.53722222222222,9.058611111111112,120SE,460,4,0,130,0.3,47.6,Clear,,No wind,countryside,,Outdoor,,daylight,,,2
6,101,SCENES,20230208,Niloufar Tabandeh,6,Full setup,,1001,1001_20230208T1030,20230208,1030,Timelapse,NT-AH,,0,0,1,1,1,1,1,1,1,Tübingen-DE,48.53722222222222,9.058611111111112,120SE,460,4,0,130,0.1,45.7,Clear,,No wind,countryside,,Outdoor,,daylight,,,2
7,101,SCENES,20230208,Niloufar Tabandeh,7,Full setup,,1001,1001_20230208T1100,20230208,1100,Timelapse,NT-AH,,0,0,1,1,1,1,1,1,1,Tübingen-DE,48.53722222222222,9.058611111111112,120SE,460,4,0,130,1,41.4,Clear,,No wind,countryside,,Outdoor,,daylight,,,2
8,101,SCENES,20230208,Niloufar Tabandeh,8,Full setup,,1001,1001_20230208T1130,20230208,1130,Timelapse,NT-AH,,0,0,1,1,1,1,1,1,1,Tübingen-DE,48.53722222222222,9.058611111111112,120SE,460,4,0,130,1.3,40.2,Clear,,Windy,countryside,,Outdoor,,daylight,,"WP images approx. 15 min later , due to a log error",2
9,101,SCENES,20230208,Niloufar Tabandeh,9,Full setup,,1001,1001_20230208T1200,20230208,1200,Timelapse,NT-AH,,0,0,1,1,1,1,1,1,1,Tübingen-DE,48.53722222222222,9.058611111111112,120SE,460,4,0,130,3.3,35.7,Clear,,Windy,countryside,,Outdoor,,daylight,,,2
10,101,SCENES,20230208,Niloufar Tabandeh,10,Full setup,,1001,1001_20230208T1230,20230208,1230,Timelapse,NT-AH,,0,0,1,1,1,1,1,1,1,Tübingen-DE,48.53722222222222,9.058611111111112,120SE,460,4,0,130,3.2,36.4,Clear,,Windy,countryside,,Outdoor,,daylight,,,2
11,101,SCENES,20230208,Niloufar Tabandeh,11,Full setup,,1001,1001_20230208T1300,20230208,1300,Timelapse,NT-AH,,0,0,1,1,1,1,1,1,1,Tübingen-DE,48.53722222222222,9.058611111111112,120SE,460,4,0,130,4.2,35.3,Clear,,Windy,countryside,,Outdoor,,daylight,,,2
12,101,SCENES,20230208,Niloufar Tabandeh,12,Full setup,,1001,1001_20230208T1330,20230208,1330,Timelapse,NT-AH,,0,0,1,1,1,1,1,1,1,Tübingen-DE,48.53722222222222,9.058611111111112,120SE,460,4,0,130,8.6,27.2,Clear,,Windy,countryside,,Outdoor,,daylight,,,2
13,101,SCENES,20230208,Niloufar Tabandeh,13,Full setup,,1001,1001_20230208T1400,20230208,1400,Timelapse,NT-AH,,0,0,1,1,1,1,1,1,1,Tübingen-DE,48.53722222222222,9.058611111111112,120SE,460,4,0,130,5.6,34.5,Clear,,Windy,countryside,,Outdoor,,daylight,,,2
14,101,SCENES,20230208,Niloufar Tabandeh,14,Full setup,,1001,1001_20230208T1430,20230208,1430,Timelapse,NT-AH,,0,0,1,1,1,1,1,1,1,Tübingen-DE,48.53722222222222,9.058611111111112,120SE,460,4,0,130,7.1,32.7,Clear,,Windy,countryside,,Outdoor,,daylight,,,2
15,101,SCENES,20230208,Niloufar Tabandeh,15,Full setup,,1001,1001_20230208T1500,20230208,1500,Timelapse,NT-AH,,0,0,1,1,1,1,1,1,1,Tübingen-DE,48.53722222222222,9.058611111111112,120SE,460,4,0,130,5.6,35.2,Clear,,Windy,countryside,,Outdoor,,daylight,,,2
16,101,SCENES,20230208,Niloufar Tabandeh,16,Full setup,,1001,1001_20230208T1530,20230208,1530,Timelapse,NT-AH,,0,0,1,1,1,1,1,1,1,Tübingen-DE,48.53722222222222,9.058611111111112,120SE,460,4,0,130,6.1,32.5,Clear,,Windy,countryside,,Outdoor,,daylight,,,2
17,101,SCENES,20230208,Niloufar Tabandeh,17,Full setup,,1001,1001_20230208T1600,20230208,1600,Timelapse,NT-AH,,0,0,1,1,1,1,1,1,1,Tübingen-DE,48.53722222222222,9.058611111111112,120SE,460,4,0,130,4.2,37.7,Clear,,Windy,countryside,,Outdoor,,daylight,,,2
18,101,SCENES,20230208,Niloufar Tabandeh,18,Full setup,,1001,1001_20230208T1630,20230208,1630,Timelapse,NT-AH,,0,0,1,1,1,1,1,1,1,Tübingen-DE,48.53722222222222,9.058611111111112,120SE,460,4,0,130,3.8,40.4,Clear,,Windy,countryside,,Outdoor,,daylight,,,2
19,101,SCENES,20230208,Niloufar Tabandeh,19,Full setup,,1001,1001_20230208T1700,20230208,1700,Timelapse,NT-AH,,0,0,1,1,1,1,1,1,1,Tübingen-DE,48.53722222222222,9.058611111111112,120SE,460,4,0,130,1.1,48.6,Clear,,No wind,countryside,,Outdoor,,daylight,,,2
20,101,SCENES,20230208,Niloufar Tabandeh,20,Full setup,,1001,1001_20230208T1730,20230208,1730,Timelapse,NT-AH,,0,0,1,1,1,1,1,1,1,Tübingen-DE,48.53722222222222,9.058611111111112,120SE,460,4,0,130,-0.4,55.6,Clear,,No wind,countryside,,Outdoor,,daylight,,,2
21,101,SCENES,20230208,Niloufar Tabandeh,21,Full setup,,1002,1002_20230210T0745,20230210,745,Timelapse,NT-AH,,0,0,1,1,1,1,1,1,1,Tübingen-DE,48.53777777777778,9.058611111111112,358N,460,4,0,126,-3.7,45.3,Clear,,No wind,skyscraper,,Outdoor,,daylight,,,2
22,101,SCENES,20230208,Niloufar Tabandeh,22,Full setup,,1002,1002_20230210T0800,20230210,800,Timelapse,NT-AH,,0,0,1,1,1,1,1,1,1,Tübingen-DE,48.53777777777778,9.058611111111112,358N,460,4,0,126,-5.1,44.7,Clear,,No wind,skyscraper,,Outdoor,,daylight,,,2
23,101,SCENES,20230208,Niloufar Tabandeh,23,Full setup,,1002,1002_20230210T0830,20230210,830,Timelapse,NT-AH,,0,0,1,1,1,1,1,1,1,Tübingen-DE,48.53777777777778,9.058611111111112,358N,460,4,0,126,-3.8,44.5,Clear,,No wind,skyscraper,,Outdoor,,daylight,,,2
24,101,SCENES,20230208,Niloufar Tabandeh,24,Full setup,,1002,1002_20230210T0900,20230210,900,Timelapse,NT-AH,,0,0,1,1,1,1,1,1,1,Tübingen-DE,48.53777777777778,9.058611111111112,358N,460,4,0,126,-1.7,41.9,Clear,,No wind,skyscraper,,Outdoor,,daylight,,,2
25,101,SCENES,20230208,Niloufar Tabandeh,25,Full setup,,1002,1002_20230210T0930,20230210,930,Timelapse,NT-AH,,0,0,1,1,1,1,1,1,1,Tübingen-DE,48.53777777777778,9.058611111111112,358N,460,4,0,126,-1.5,40.3,Clear,,No wind,skyscraper,,Outdoor,,daylight,,,2
26,101,SCENES,20230208,Niloufar Tabandeh,26,Full setup,,1002,1002_20230210T1000,20230210,1000,Timelapse,NT-AH,,0,0,1,1,1,1,1,1,1,Tübingen-DE,48.53777777777778,9.058611111111112,358N,460,4,0,126,-1.4,38.7,Clear,,No wind,skyscraper,,Outdoor,,daylight,,,2
27,101,SCENES,20230208,Niloufar Tabandeh,27,Full setup,,1002,1002_20230210T1030,20230210,1030,Timelapse,NT-AH,,0,0,1,1,1,1,1,1,1,Tübingen-DE,48.53777777777778,9.058611111111112,358N,460,4,0,126,0.3,38.5,Clear,,No wind,skyscraper,,Outdoor,,daylight,,,2
28,101,SCENES,20230208,Niloufar Tabandeh,28,Full setup,,1002,1002_20230210T1100,20230210,1100,Timelapse,NT-AH,,0,0,1,1,1,1,1,1,1,Tübingen-DE,48.53777777777778,9.058611111111112,358N,460,4,0,126,1.5,38.4,Clear,,No wind,skyscraper,,Outdoor,,daylight,,,2
29,101,SCENES,20230208,Niloufar Tabandeh,29,Full setup,,1002,1002_20230210T1130,20230210,1130,Timelapse,NT-AH,,0,0,1,1,1,1,1,1,1,Tübingen-DE,48.53777777777778,9.058611111111112,358N,460,4,0,126,2.1,37.2,Clear,,No wind,skyscraper,,Outdoor,,daylight,,,2
30,101,SCENES,20230208,Niloufar Tabandeh,30,Full setup,,1002,1002_20230210T1200,20230210,1200,Timelapse,NT-AH,,0,0,1,1,1,1,1,1,1,Tübingen-DE,48.53777777777778,9.058611111111112,358N,460,4,0,126,3.4,37.6,Clear,,No wind,skyscraper,,Outdoor,,daylight,,,2
31,101,SCENES,20230208,Niloufar Tabandeh,31,Full setup,,1002,1002_20230210T1230,20230210,1230,Timelapse,NT-AH,,0,0,1,1,1,1,1,1,1,Tübingen-DE,48.53777777777778,9.058611111111112,358N,460,4,0,126,3.6,37,Clear,,No wind,skyscraper,,Outdoor,,daylight,,,2
32,101,SCENES,20230208,Niloufar Tabandeh,32,Full setup,,1002,1002_20230210T1300,20230210,1300,Timelapse,NT-AH,,0,0,1,1,1,1,1,1,1,Tübingen-DE,48.53777777777778,9.058611111111112,358N,460,4,0,126,4.5,36.8,Clear,,No wind,skyscraper,,Outdoor,,daylight,,,2
33,101,SCENES,20230208,Niloufar Tabandeh,33,Full setup,,1002,1002_20230210T1330,20230210,1330,Timelapse,NT-AH,,0,0,1,1,1,1,1,1,1,Tübingen-DE,48.53777777777778,9.058611111111112,358N,460,4,0,126,4.4,37.6,Clear,,No wind,skyscraper,,Outdoor,,daylight,,,2
34,101,SCENES,20230208,Niloufar Tabandeh,34,Full setup,,1002,1002_20230210T1400,20230210,1400,Timelapse,NT-AH,,0,0,1,1,1,1,1,1,1,Tübingen-DE,48.53777777777778,9.058611111111112,358N,460,4,0,126,5.3,37.6,Clear,,No wind,skyscraper,,Outdoor,,daylight,,,2
35,101,SCENES,20230208,Niloufar Tabandeh,35,Full setup,,1002,1002_20230210T1400,20230210,1430,Timelapse,NT-AH,,0,0,1,1,1,1,1,1,1,Tübingen-DE,48.53777777777778,9.058611111111112,358N,460,4,0,126,5.8,38.1,Clear,,No wind,skyscraper,,Outdoor,,daylight,,,2
36,101,SCENES,20230208,Niloufar Tabandeh,36,Full setup,,1002,1002_20230210T1500,20230210,1500,Timelapse,NT-AH,,0,0,1,1,1,1,1,1,1,Tübingen-DE,48.53777777777778,9.058611111111112,358N,460,4,0,126,5.6,39.9,Clear,,No wind,skyscraper,,Outdoor,,daylight,,,2
37,101,SCENES,20230208,Niloufar Tabandeh,37,Full setup,,1002,1002_20230210T1530,20230210,1530,Timelapse,NT-AH,,0,0,1,1,1,1,1,1,1,Tübingen-DE,48.53777777777778,9.058611111111112,358N,460,4,0,126,5.6,39.6,Clear,,No wind,skyscraper,,Outdoor,,daylight,,,2
38,101,SCENES,20230208,Niloufar Tabandeh,38,Full setup,,1002,1002_20230210T1600,20230210,1600,Timelapse,NT-AH,,0,0,1,1,1,1,1,1,1,Tübingen-DE,48.53777777777778,9.058611111111112,358N,460,4,0,126,5.5,40.2,Clear,,No wind,skyscraper,,Outdoor,,daylight,,,2
39,101,SCENES,20230208,Niloufar Tabandeh,39,Full setup,,1002,1002_20230210T1630,20230210,1630,Timelapse,NT-AH,,0,0,1,1,1,1,1,1,1,Tübingen-DE,48.53777777777778,9.058611111111112,358N,460,4,0,126,5.6,41.4,Clear,,No wind,skyscraper,,Outdoor,,daylight,,,2
40,101,SCENES,20230208,Niloufar Tabandeh,40,Full setup,,1002,1002_20230210T1700,20230210,1700,Timelapse,NT-AH,,0,0,1,1,1,1,1,1,1,Tübingen-DE,48.53777777777778,9.058611111111112,358N,460,4,0,126,4.3,41.6,Clear,,No wind,skyscraper,,Outdoor,,daylight,,,2
41,101,SCENES,20230208,Niloufar Tabandeh,41,Full setup,,1002,1002_20230210T1730,20230210,1730,Timelapse,NT-AH,,0,0,1,1,1,1,1,1,1,Tübingen-DE,48.53777777777778,9.058611111111112,358N,460,4,0,126,3.3,41.9,Clear,,No wind,skyscraper,,Outdoor,,daylight,,,2
42,101,SCENES,20230208,Niloufar Tabandeh,42,Full setup,,1002,1002_20230210T1800,20230210,1800,Timelapse,NT-AH,,0,0,1,1,1,1,1,1,1,Tübingen-DE,48.53777777777778,9.058611111111112,358N,460,4,0,126,2.1,45,Clear,,No wind,skyscraper,,Outdoor,,daylight,,,2
43,101,SCENES,20230208,Niloufar Tabandeh,43,Full setup,,1003,1003_20230224T0800,20230224,800,Timelapse,NT-AH,,0,0,1,1,1,1,1,1,1,Tübingen-DE,48.53722222222222,9.06,119E,450,0,0,126,7.5,85.6,Foggy,,No wind,countryside,,Outdoor,,daylight,,,2
44,101,SCENES,20230208,Niloufar Tabandeh,44,Full setup,,1003,1003_20230224T0815,20230224,815,Timelapse,NT-AH,,0,0,1,1,1,1,1,1,1,Tübingen-DE,48.53722222222222,9.06,119E,450,0,0,126,7.2,86.4,Foggy,,No wind,countryside,,Outdoor,,daylight,,depth camera frame rate: 60 fps,2
45,101,SCENES,20230208,Niloufar Tabandeh,45,Full setup,,1003,1003_20230224T0830,20230224,830,Timelapse,NT-AH,,0,0,1,1,1,1,1,1,1,Tübingen-DE,48.53722222222222,9.06,119E,450,0,0,126,7,86.2,Foggy,,No wind,countryside,,Outdoor,,daylight,,depth camera frame rate: 60 fps,2
46,101,SCENES,20230208,Niloufar Tabandeh,46,Full setup,,1003,1003_20230224T0845,20230224,845,Timelapse,NT-AH,,0,0,1,1,1,1,1,1,1,Tübingen-DE,48.53722222222222,9.06,119E,450,0,0,126,6.6,86.3,Foggy,,No wind,countryside,,Outdoor,,daylight,,depth camera frame rate: 60 fps,2
47,101,SCENES,20230208,Niloufar Tabandeh,47,Full setup,,1003,1003_20230224T0900,20230224,900,Timelapse,NT-AH,,0,0,1,1,1,1,1,1,1,Tübingen-DE,48.53722222222222,9.06,119E,450,0,0,126,6.8,85.9,Foggy,,No wind,countryside,,Outdoor,,daylight,,,2
48,101,SCENES,20230208,Niloufar Tabandeh,48,Full setup,,1003,1003_20230224T0915,20230224,915,Timelapse,NT-AH,,0,0,1,1,1,1,1,1,1,Tübingen-DE,48.53722222222222,9.06,119E,450,0,0,126,6.6,85.8,Overcast,,No wind,countryside,,Outdoor,,daylight,,,2
49,101,SCENES,20230208,Niloufar Tabandeh,49,Full setup,,1003,1003_20230224T0930,20230224,930,Timelapse,NT-AH,,0,0,1,1,1,1,1,1,1,Tübingen-DE,48.53722222222222,9.06,119E,450,0,0,126,7.4,84.4,Overcast,,No wind,countryside,,Outdoor,,daylight,,,2
50,101,SCENES,20230208,Niloufar Tabandeh,50,Full setup,,1003,1003_20230224T0945,20230224,945,Timelapse,NT-AH,,0,0,1,1,1,1,1,1,1,Tübingen-DE,48.53722222222222,9.06,119E,450,0,0,126,7,85.3,Overcast,,No wind,countryside,,Outdoor,,daylight,,,2
51,101,SCENES,20230208,Niloufar Tabandeh,51,Full setup,,1003,1003_20230224T1000,20230224,1000,Timelapse,NT-AH,,0,0,1,1,1,1,1,1,1,Tübingen-DE,48.53722222222222,9.06,119E,450,0,0,126,7.4,83.6,Overcast,,No wind,countryside,,Outdoor,,daylight,,,2
52,101,SCENES,20230208,Niloufar Tabandeh,52,Full setup,,1003,1003_20230224T1015,20230224,1015,Timelapse,NT-AH,,0,0,1,1,1,1,1,1,1,Tübingen-DE,48.53722222222222,9.06,119E,450,0,0,126,7.9,82.7,Overcast,,No wind,countryside,,Outdoor,,daylight,,,2
53,101,SCENES,20230208,Niloufar Tabandeh,53,Full setup,,1003,1003_20230224T1030,20230224,1030,Timelapse,NT-AH,,0,0,1,1,1,1,1,1,1,Tübingen-DE,48.53722222222222,9.06,119E,450,0,0,126,7.9,83.2,Overcast,,No wind,countryside,,Outdoor,,daylight,,,2
54,101,SCENES,20230208,Niloufar Tabandeh,54,Full setup,,1003,1003_20230224T1045,20230224,1045,Timelapse,NT-AH,,0,0,1,1,1,1,1,1,1,Tübingen-DE,48.53722222222222,9.06,119E,450,0,0,126,8.2,82.1,Overcast,,No wind,countryside,,Outdoor,,daylight,,,2
55,101,SCENES,20230208,Niloufar Tabandeh,55,Full setup,,1003,1003_20230224T1100,20230224,1100,Timelapse,NT-AH,,0,0,1,1,1,1,1,1,1,Tübingen-DE,48.53722222222222,9.06,119E,450,0,0,126,9.1,78.9,Overcast,,No wind,countryside,,Outdoor,,daylight,,,2
56,101,SCENES,20230208,Niloufar Tabandeh,56,Full setup,,1003,1003_20230224T1115,20230224,1115,Timelapse,NT-AH,,0,0,1,1,1,1,1,1,1,Tübingen-DE,48.53722222222222,9.06,119E,450,0,0,126,9.5,75.7,Overcast,,No wind,countryside,,Outdoor,,daylight,,,2
57,101,SCENES,20230208,Niloufar Tabandeh,57,Full setup,,1003,1003_20230224T1130,20230224,1130,Timelapse,NT-AH,,0,0,1,1,1,1,1,1,1,Tübingen-DE,48.53722222222222,9.06,119E,450,0,0,126,8.7,81.2,Overcast,,No wind,countryside,,Outdoor,,daylight,,,2
58,101,SCENES,20230208,Niloufar Tabandeh,58,Full setup,,1003,1003_20230224T1145,20230224,1145,Timelapse,NT-AH,,0,0,1,1,1,1,1,1,1,Tübingen-DE,48.53722222222222,9.06,119E,450,0,0,126,8.7,80.3,Overcast,,No wind,countryside,,Outdoor,,daylight,,,2
59,101,SCENES,20230208,Niloufar Tabandeh,59,Full setup,,1003,1003_20230224T1215,20230224,1215,Timelapse,NT-AH,,0,0,1,1,1,1,1,1,1,Tübingen-DE,48.53722222222222,9.06,119E,450,0,0,126,9.1,78.5,Overcast,,No wind,countryside,,Outdoor,,daylight,,,2
60,101,SCENES,20230208,Niloufar Tabandeh,60,Full setup,,1003,1003_20230224T1230,20230224,1230,Timelapse,NT-AH,,0,0,1,1,1,1,1,1,1,Tübingen-DE,48.53722222222222,9.06,119E,450,0,0,126,10.1,74.4,Overcast,,No wind,countryside,,Outdoor,,daylight,,,2
61,101,SCENES,20230208,Niloufar Tabandeh,61,Full setup,,1003,1003_20230224T1245,20230224,1245,Timelapse,NT-AH,,0,0,1,1,1,1,0,1,1,Tübingen-DE,48.53722222222222,9.06,119E,450,0,0,126,12.5,64.6,Cloudy,,No wind,countryside,,Outdoor,,daylight,,Delayed Jeti measurement due to connection problems,1
62,101,SCENES,20230208,Niloufar Tabandeh,62,Full setup,,1003,1003_20230224T1300,20230224,1300,Timelapse,NT-AH,,0,0,1,1,1,1,1,1,1,Tübingen-DE,48.53722222222222,9.06,119E,450,0,0,126,13.1,65.2,Cloudy,,No wind,countryside,,Outdoor,,daylight,,,2
63,101,SCENES,20230208,Niloufar Tabandeh,63,Full setup,,1003,1003_20230224T1330,20230224,1330,Timelapse,NT-AH,,0,0,1,1,1,1,0,1,1,Tübingen-DE,48.53722222222222,9.06,119E,450,0,0,126,11.2,68,Overcast,,No wind,countryside,,Outdoor,,daylight,,,1
64,101,SCENES,20230208,Niloufar Tabandeh,64,Full setup,,1003,1003_20230224T1400,20230224,1400,Timelapse,NT-AH,,0,0,1,1,1,1,1,1,1,Tübingen-DE,48.53722222222222,9.06,119E,450,0,0,126,10.8,69.6,Overcast,,No wind,countryside,,Outdoor,,daylight,,,2
65,101,SCENES,20230208,Niloufar Tabandeh,65,Full setup,,1003,1003_20230224T1430,20230224,1430,Timelapse,NT-AH,,0,0,1,1,1,1,1,1,1,Tübingen-DE,48.53722222222222,9.06,119E,450,0,0,126,11.2,70.9,Overcast,,No wind,countryside,,Outdoor,,daylight,,,2
66,101,SCENES,20230208,Niloufar Tabandeh,66,Full setup,,1003,1003_20230224T1500,20230224,1500,Timelapse,NT-AH,,0,0,1,1,1,1,1,1,1,Tübingen-DE,48.53722222222222,9.06,119E,450,0,0,126,10.9,68.1,Overcast,,No wind,countryside,,Outdoor,,daylight,,,2
67,101,SCENES,20230208,Niloufar Tabandeh,67,Full setup,,1003,1003_20230224T1530,20230224,1530,Timelapse,NT-AH,,0,0,1,1,1,1,1,1,1,Tübingen-DE,48.53722222222222,9.06,119E,450,0,0,126,10.3,67.8,Overcast,,No wind,countryside,,Outdoor,,daylight,,,2
68,101,SCENES,20230208,Niloufar Tabandeh,68,Full setup,,1003,1003_20230224T1600,20230224,1600,Timelapse,NT-AH,,0,0,1,1,1,1,1,1,1,Tübingen-DE,48.53722222222222,9.06,119E,450,0,0,126,9.9,75.3,Rainy,,No wind,countryside,,Outdoor,,daylight,,,2
69,101,SCENES,20230208,Niloufar Tabandeh,69,Full setup,,1004,1004_20230302T0730,20230302,730,Timelapse,NT-AH,,0,0,1,1,1,1,1,1,1,Tübingen-DE,48.53444444444444,9.057500000000001,94E,450,0,0,131,2,71.1,Overcast,,No wind,forest,,Outdoor,,daylight,,,2
70,101,SCENES,20230208,Niloufar Tabandeh,70,Full setup,,1004,1004_20230302T0800,20230302,800,Timelapse,NT-AH,,0,0,1,1,1,1,1,1,1,Tübingen-DE,48.53444444444444,9.057500000000001,94E,450,0,0,131,1.3,72.8,Overcast,,No wind,forest,,Outdoor,,daylight,,,2
71,101,SCENES,20230208,Niloufar Tabandeh,71,Full setup,,1004,1004_20230302T0830,20230302,830,Timelapse,NT-AH,,0,0,1,1,1,1,1,1,1,Tübingen-DE,48.53444444444444,9.057500000000001,94E,450,0,0,131,1.2,74.4,Overcast,,No wind,forest,,Outdoor,,daylight,,,2
72,101,SCENES,20230208,Niloufar Tabandeh,72,Full setup,,1004,1004_20230302T0900,20230302,900,Timelapse,NT-AH,,0,0,1,1,1,1,1,1,1,Tübingen-DE,48.53444444444444,9.057500000000001,94E,450,0,0,131,1.5,73.8,Overcast,,No wind,forest,,Outdoor,,daylight,,,2
73,101,SCENES,20230208,Niloufar Tabandeh,73,Full setup,,1004,1004_20230302T0930,20230302,930,Timelapse,NT-AH,,0,0,1,1,1,1,1,1,1,Tübingen-DE,48.53444444444444,9.057500000000001,94E,450,0,0,131,2.2,72,Overcast,,No wind,forest,,Outdoor,,daylight,,,2
74,101,SCENES,20230208,Niloufar Tabandeh,74,Full setup,,1004,1004_20230302T1000,20230302,1000,Timelapse,NT-AH,,0,0,1,1,1,1,1,1,1,Tübingen-DE,48.53444444444444,9.057500000000001,94E,450,0,0,131,2.8,71.4,Overcast,,No wind,forest,,Outdoor,,daylight,,,2
75,101,SCENES,20230208,Niloufar Tabandeh,75,Full setup,,1004,1004_20230302T1030,20230302,1030,Timelapse,NT-AH,,0,0,1,1,1,1,1,1,1,Tübingen-DE,48.53444444444444,9.057500000000001,94E,450,0,0,131,3.2,68.8,Overcast,,No wind,forest,,Outdoor,,daylight,,,2
76,101,SCENES,20230208,Niloufar Tabandeh,76,Full setup,,1004,1004_20230302T1100,20230302,1100,Timelapse,NT-AH,,0,0,1,1,1,1,1,1,1,Tübingen-DE,48.53444444444444,9.057500000000001,94E,450,0,0,131,3,70.8,Overcast,,No wind,forest,,Outdoor,,daylight,,,2
77,101,SCENES,20230208,Niloufar Tabandeh,77,Full setup,,1004,1004_20230302T1130,20230302,1130,Timelapse,NT-AH,,0,0,1,1,1,1,1,1,1,Tübingen-DE,48.53444444444444,9.057500000000001,94E,450,0,0,131,4.3,65.8,Overcast,,No wind,forest,,Outdoor,,daylight,,,2
78,101,SCENES,20230208,Niloufar Tabandeh,78,Full setup,,1004,1004_20230302T1200,20230302,1200,Timelapse,NT-AH,,0,0,1,1,1,1,1,1,1,Tübingen-DE,48.53444444444444,9.057500000000001,94E,450,0,0,131,4.1,67.5,Overcast,,No wind,forest,,Outdoor,,daylight,,,2
79,101,SCENES,20230208,Niloufar Tabandeh,79,Full setup,,1004,1004_20230302T1230,20230302,1230,Timelapse,NT-AH,,0,0,1,1,1,1,1,1,1,Tübingen-DE,48.53444444444444,9.057500000000001,94E,450,0,0,131,3.9,69.5,Overcast,,No wind,forest,,Outdoor,,daylight,,,2
80,101,SCENES,20230208,Niloufar Tabandeh,80,Full setup,,1004,1004_20230302T1300,20230302,1300,Timelapse,NT-AH,,0,0,1,1,1,1,1,1,1,Tübingen-DE,48.53444444444444,9.057500000000001,94E,450,0,0,131,4.6,66.8,Overcast,,No wind,forest,,Outdoor,,daylight,,,2
81,101,SCENES,20230208,Niloufar Tabandeh,81,Full setup,,1004,1004_20230302T1330,20230302,1330,Timelapse,NT-AH,,0,0,1,1,1,1,1,1,1,Tübingen-DE,48.53444444444444,9.057500000000001,94E,450,0,0,131,5.2,63.7,Overcast,,No wind,forest,,Outdoor,,daylight,,,2
82,101,SCENES,20230208,Niloufar Tabandeh,82,Full setup,,1004,1004_20230302T1400,20230302,1400,Timelapse,NT-AH,,0,0,1,1,1,1,1,1,0,Tübingen-DE,48.53444444444444,9.057500000000001,94E,450,0,0,131,5.6,64.3,Overcast,,No wind,forest,,Outdoor,,daylight,,Connection problem with GoPro.,1
83,101,SCENES,20230208,Niloufar Tabandeh,83,Full setup,,1004,1004_20230302T1430,20230302,1430,Timelapse,NT-AH,,0,0,1,1,1,1,1,0,0,Tübingen-DE,48.53444444444444,9.057500000000001,94E,450,0,0,131,5.4,64.1,Clear,,No wind,forest,,Outdoor,,daylight,,Connection problem with GoPro.,1
84,101,SCENES,20230208,Niloufar Tabandeh,84,Full setup,,1004,1004_20230302T1500,20230302,1500,Timelapse,NT-AH,,0,0,1,1,1,1,1,0,0,Tübingen-DE,48.53444444444444,9.057500000000001,94E,450,0,0,131,5.2,65.4,Clear,,No wind,forest,,Outdoor,,daylight,,Connection problem with GoPro.,1
85,101,SCENES,20230208,Niloufar Tabandeh,85,Full setup,,1004,1004_20230302T1530,20230302,1530,Timelapse,NT-AH,,0,0,1,1,1,1,1,0,0,Tübingen-DE,48.53444444444444,9.057500000000001,94E,450,0,0,131,5.4,64.6,Clear,,No wind,forest,,Outdoor,,daylight,,Connection problem with GoPro.,1
86,101,SCENES,20230208,Niloufar Tabandeh,86,Full setup,,1004,1004_20230302T1600,20230302,1600,Timelapse,NT-AH,,0,0,1,1,1,1,1,0,0,Tübingen-DE,48.53444444444444,9.057500000000001,94E,450,0,0,131,6,63,Clear,,No wind,forest,,Outdoor,,daylight,,Connection problem with GoPro.,1
87,101,SCENES,20230208,Niloufar Tabandeh,87,Full setup,,1004,1004_20230302T1630,20230302,1630,Timelapse,NT-AH,,0,0,1,1,1,1,1,0,0,Tübingen-DE,48.53444444444444,9.057500000000001,94E,450,0,0,131,6,63.3,Clear,,No wind,forest,,Outdoor,,daylight,,Connection problem with GoPro.,1
88,101,SCENES,20230208,Niloufar Tabandeh,88,Full setup,,1004,1004_20230302T1700,20230302,1700,Timelapse,NT-AH,,0,0,1,1,1,1,1,0,0,Tübingen-DE,48.53444444444444,9.057500000000001,94E,450,0,0,131,5.5,65,Clear,,No wind,forest,,Outdoor,,daylight,,Connection problem with GoPro.,1
89,101,SCENES,20230208,Niloufar Tabandeh,89,Full setup,,1004,1004_20230302T1730,20230302,1730,Timelapse,NT-AH,,0,0,1,1,1,1,1,0,0,Tübingen-DE,48.53444444444444,9.057500000000001,94E,450,0,0,131,4.4,69.1,Clear,,No wind,forest,,Outdoor,,daylight,,Connection problem with GoPro.,1
90,101,SCENES,20230208,Niloufar Tabandeh,90,Full setup,,1004,1004_20230302T1800,20230302,1800,Timelapse,NT-AH,,0,0,1,1,1,1,1,0,0,Tübingen-DE,48.53444444444444,9.057500000000001,94E,450,0,0,131,3.5,72.5,Clear,,No wind,forest,,Outdoor,,daylight,,Connection problem with GoPro.,1
91,101,SCENES,20230208,Niloufar Tabandeh,91,Full setup,,1005,1005_20230310T0800,20230310,800,Timelapse,AH,,0,0,1,1,1,1,1,1,1,Tübingen-DE,48.53861111111111,9.059722222222224,23NE,450,1,0,100,19.1,40.1,Rainy,,No wind,office,,Indoor w/ window,,mixed,,,2
92,101,SCENES,20230208,Niloufar Tabandeh,92,Full setup,,1005,1005_20230310T0830,20230310,830,Timelapse,AH,,0,0,1,1,1,1,1,1,1,Tübingen-DE,48.53861111111111,9.059722222222224,23NE,450,1,0,100,19.3,39.8,Overcast,,No wind,office,,Indoor w/ window,,mixed,,,2
93,101,SCENES,20230208,Niloufar Tabandeh,93,Full setup,,1005,1005_20230310T0900,20230310,900,Timelapse,AH,,0,0,1,1,1,1,1,1,1,Tübingen-DE,48.53861111111111,9.059722222222224,23NE,450,1,0,100,19.9,40,Overcast,,No wind,office,,Indoor w/ window,,mixed,,,2
94,101,SCENES,20230208,Niloufar Tabandeh,94,Full setup,,1005,1005_20230310T0930,20230310,930,Timelapse,AH,,0,0,1,1,1,1,1,1,1,Tübingen-DE,48.53861111111111,9.059722222222224,23NE,450,1,0,100,20.4,40.7,Overcast,,No wind,office,,Indoor w/ window,,mixed,,,2
95,101,SCENES,20230208,Niloufar Tabandeh,95,Full setup,,1005,1005_20230310T1000,20230310,1000,Timelapse,AH,,0,0,1,1,1,1,1,1,1,Tübingen-DE,48.53861111111111,9.059722222222224,23NE,450,1,0,100,20.8,40.6,Partially cloudy,,No wind,office,,Indoor w/ window,,mixed,,,2
96,101,SCENES,20230208,Niloufar Tabandeh,96,Full setup,,1005,1005_20230310T1030,20230310,1030,Timelapse,AH,,0,0,1,1,1,1,1,1,1,Tübingen-DE,48.53861111111111,9.059722222222224,23NE,450,1,0,100,21.1,40.9,Overcast,,No wind,office,,Indoor w/ window,,mixed,,,2
97,101,SCENES,20230208,Niloufar Tabandeh,97,Full setup,,1005,1005_20230310T1100,20230310,1100,Timelapse,AH,,0,0,1,1,1,1,1,1,1,Tübingen-DE,48.53861111111111,9.059722222222224,23NE,450,1,0,100,21,41.1,Overcast,,No wind,office,,Indoor w/ window,,mixed,,,2
98,101,SCENES,20230208,Niloufar Tabandeh,98,Full setup,,1005,1005_20230310T1130,20230310,1130,Timelapse,AH,,0,0,1,1,1,1,1,1,1,Tübingen-DE,48.53861111111111,9.059722222222224,23NE,450,1,0,100,21.3,41,Partially cloudy,,No wind,office,,Indoor w/ window,,mixed,,,2
99,101,SCENES,20230208,Niloufar Tabandeh,99,Full setup,,1005,1005_20230310T1200,20230310,1200,Timelapse,AH,,0,0,1,1,1,1,1,1,1,Tübingen-DE,48.53861111111111,9.059722222222224,23NE,450,1,0,100,21.3,41.2,Overcast,,No wind,office,,Indoor w/ window,,mixed,,,2
100,101,SCENES,20230208,Niloufar Tabandeh,100,Full setup,,1005,1005_20230310T1230,20230310,1230,Timelapse,AH,,0,0,1,1,1,1,1,1,1,Tübingen-DE,48.53861111111111,9.059722222222224,23NE,450,1,0,100,21.4,41.3,Overcast,,No wind,office,,Indoor w/ window,,mixed,,,2
101,101,SCENES,20230208,Niloufar Tabandeh,101,Full setup,,1005,1005_20230310T1300,20230310,1300,Timelapse,AH,,0,0,1,1,1,1,1,1,1,Tübingen-DE,48.53861111111111,9.059722222222224,23NE,450,1,0,100,21.3,41.5,Overcast,,No wind,office,,Indoor w/ window,,mixed,,,2
102,101,SCENES,20230208,Niloufar Tabandeh,102,Full setup,,1005,1005_20230310T1330,20230310,1330,Timelapse,AH,,0,0,1,1,1,1,1,1,1,Tübingen-DE,48.53861111111111,9.059722222222224,23NE,450,1,0,100,21.5,41.6,Overcast,,No wind,office,,Indoor w/ window,,mixed,,,2
103,101,SCENES,20230208,Niloufar Tabandeh,103,Full setup,,1005,1005_20230310T1400,20230310,1400,Timelapse,AH,,0,0,1,1,1,1,1,1,1,Tübingen-DE,48.53861111111111,9.059722222222224,23NE,450,1,0,100,21.4,42,Overcast,,No wind,office,,Indoor w/ window,,mixed,,,2
104,101,SCENES,20230208,Niloufar Tabandeh,104,Full setup,,1005,1005_20230310T1430,20230310,1430,Timelapse,AH,,0,0,1,1,1,1,1,1,1,Tübingen-DE,48.53861111111111,9.059722222222224,23NE,450,1,0,100,21.3,42.8,Overcast,,No wind,office,,Indoor w/ window,,mixed,,,2
105,101,SCENES,20230208,Niloufar Tabandeh,105,Full setup,,1005,1005_20230310T1500,20230310,1500,Timelapse,AH,,0,0,1,1,1,1,1,1,1,Tübingen-DE,48.53861111111111,9.059722222222224,23NE,450,1,0,100,21.6,43.4,Overcast,,No wind,office,,Indoor w/ window,,mixed,,,2
106,101,SCENES,20230208,Niloufar Tabandeh,106,Full setup,,1005,1005_20230310T1530,20230310,1530,Timelapse,AH,,0,0,1,1,1,1,1,1,1,Tübingen-DE,48.53861111111111,9.059722222222224,23NE,450,1,0,100,21.4,43.6,Overcast,,No wind,office,,Indoor w/ window,,mixed,,,2
107,101,SCENES,20230208,Niloufar Tabandeh,107,Full setup,,1005,1005_20230310T1600,20230310,1600,Timelapse,AH,,0,0,1,1,1,1,1,1,1,Tübingen-DE,48.53861111111111,9.059722222222224,23NE,450,1,0,100,21.3,43.6,Overcast,,No wind,office,,Indoor w/ window,,mixed,,,2
108,101,SCENES,20230208,Niloufar Tabandeh,108,Full setup,,1005,1005_20230310T1630,20230310,1630,Timelapse,AH,,0,0,1,1,1,1,1,1,1,Tübingen-DE,48.53861111111111,9.059722222222224,23NE,450,1,0,100,21.4,44.1,Overcast,,No wind,office,,Indoor w/ window,,mixed,,,2
109,101,SCENES,20230208,Niloufar Tabandeh,109,Full setup,,1005,1005_20230310T1700,20230310,1700,Timelapse,AH,,0,0,1,1,1,1,1,1,1,Tübingen-DE,48.53861111111111,9.059722222222224,23NE,450,1,0,100,21.3,43.5,Partially cloudy,,Windy,office,,Indoor w/ window,,mixed,,,2
110,101,SCENES,20230208,Niloufar Tabandeh,110,Full setup,,1005,1005_20230310T1730,20230310,1730,Timelapse,AH,,0,0,1,1,1,1,1,1,1,Tübingen-DE,48.53861111111111,9.059722222222224,23NE,450,1,0,100,21.2,43.4,Partially cloudy,,Windy,office,,Indoor w/ window,,mixed,,,2
111,101,SCENES,20230208,Niloufar Tabandeh,111,Full setup,,1005,1005_20230310T1800,20230310,1800,Timelapse,AH,,0,0,1,1,1,1,1,1,1,Tübingen-DE,48.53861111111111,9.059722222222224,23NE,450,1,0,100,21.5,43.7,Cloudy,,Windy,office,,Indoor w/ window,,mixed,,,2
112,101,SCENES,20230208,Niloufar Tabandeh,112,Full setup,,1005,1005_20230310T1830,20230310,1830,Timelapse,AH,,0,0,1,1,1,1,1,1,1,Tübingen-DE,48.53861111111111,9.059722222222224,23NE,450,1,0,100,21.5,43.8,Cloudy,,Windy,office,,Indoor w/ window,,mixed,,,2
113,101,SCENES,20230208,Niloufar Tabandeh,113,Full setup,,1006,1006_20230322T0800,20230322,800,Timelapse,AH,,0,0,1,1,1,1,1,1,1,Tübingen-DE,48.5375,9.059722222222224,119SE,450,2,0,108,23.8,35.2,Clear,,No wind,corridor,,Indoor w/ window,,mixed,,,2
114,101,SCENES,20230208,Niloufar Tabandeh,114,Full setup,,1006,1006_20230322T0830,20230322,830,Timelapse,AH,,0,0,1,1,1,1,1,1,1,Tübingen-DE,48.5375,9.059722222222224,119SE,450,2,0,108,25.1,31.2,Clear,,No wind,corridor,,Indoor w/ window,,mixed,,,2
115,101,SCENES,20230208,Niloufar Tabandeh,115,Full setup,,1006,1006_20230322T0900,20230322,900,Timelapse,AH,,0,0,1,1,1,1,1,1,1,Tübingen-DE,48.5375,9.059722222222224,119SE,450,2,0,108,25.1,31.6,Clear,,No wind,corridor,,Indoor w/ window,,mixed,,,2
116,101,SCENES,20230208,Niloufar Tabandeh,116,Full setup,,1006,1006_20230322T0930,20230322,930,Timelapse,AH,,0,0,1,1,1,1,1,1,1,Tübingen-DE,48.5375,9.059722222222224,119SE,450,2,0,108,24.2,31.8,Clear,,No wind,corridor,,Indoor w/ window,,mixed,,,2
117,101,SCENES,20230208,Niloufar Tabandeh,117,Full setup,,1006,1006_20230322T1000,20230322,1000,Timelapse,AH,,0,0,1,1,1,1,1,1,1,Tübingen-DE,48.5375,9.059722222222224,119SE,450,2,0,108,24.1,32.4,Clear,,No wind,corridor,,Indoor w/ window,,mixed,,WP690 reports high temperature.,2
118,101,SCENES,20230208,Niloufar Tabandeh,118,Full setup,,1006,1006_20230322T1030,20230322,1030,Timelapse,AH,,0,0,1,1,1,1,1,1,1,Tübingen-DE,48.5375,9.059722222222224,119SE,450,2,0,108,23.8,33.5,Clear,,No wind,corridor,,Indoor w/ window,,mixed,,Following measurement (WP690) was successful,2
119,101,SCENES,20230208,Niloufar Tabandeh,119,Full setup,,1006,1006_20230322T1100,20230322,1100,Timelapse,AH,,0,0,1,1,1,1,1,1,1,Tübingen-DE,48.5375,9.059722222222224,119SE,450,2,0,108,23.3,35.1,Clear,,No wind,corridor,,Indoor w/ window,,mixed,,,2
120,101,SCENES,20230208,Niloufar Tabandeh,120,Full setup,,1006,1006_20230322T1130,20230322,1130,Timelapse,AH,,0,0,1,1,1,1,1,1,1,Tübingen-DE,48.5375,9.059722222222224,119SE,450,2,0,108,22,35.4,Clear,,No wind,corridor,,Indoor w/ window,,mixed,,,2
121,101,SCENES,20230208,Niloufar Tabandeh,121,Full setup,,1006,1006_20230322T1200,20230322,1200,Timelapse,AH,,0,0,1,1,1,1,1,1,1,Tübingen-DE,48.5375,9.059722222222224,119SE,450,2,0,108,22.2,35.9,Clear,,No wind,corridor,,Indoor w/ window,,mixed,,,2
122,101,SCENES,20230208,Niloufar Tabandeh,122,Full setup,,1006,1006_20230322T1230,20230322,1230,Timelapse,AH,,0,0,1,1,1,1,1,1,1,Tübingen-DE,48.5375,9.059722222222224,119SE,450,2,0,108,21.5,34.6,Clear,,Windy,corridor,,Indoor w/ window,,mixed,,,2
123,101,SCENES,20230208,Niloufar Tabandeh,123,Full setup,,1006,1006_20230322T1300,20230322,1300,Timelapse,AH,,0,0,1,1,1,1,1,1,1,Tübingen-DE,48.5375,9.059722222222224,119SE,450,2,0,108,21.5,36.7,Clear,,Windy,corridor,,Indoor w/ window,,mixed,,,2
124,101,SCENES,20230208,Niloufar Tabandeh,124,Full setup,,1006,1006_20230322T1330,20230322,1330,Timelapse,AH,,0,0,1,1,1,1,1,1,1,Tübingen-DE,48.5375,9.059722222222224,119SE,450,2,0,108,21.4,37,Clear,,No wind,corridor,,Indoor w/ window,,mixed,,,2
125,101,SCENES,20230208,Niloufar Tabandeh,125,Full setup,,1006,1006_20230322T1400,20230322,1400,Timelapse,AH,,0,0,1,1,1,1,1,1,1,Tübingen-DE,48.5375,9.059722222222224,119SE,450,2,0,108,21.6,37.2,Clear,,No wind,corridor,,Indoor w/ window,,mixed,,,2
126,101,SCENES,20230208,Niloufar Tabandeh,126,Full setup,,1006,1006_20230322T1430,20230322,1430,Timelapse,AH,,0,0,1,1,1,1,1,1,1,Tübingen-DE,48.5375,9.059722222222224,119SE,450,2,0,108,21.4,37.1,Clear,,Windy,corridor,,Indoor w/ window,,mixed,,,2
127,101,SCENES,20230208,Niloufar Tabandeh,127,Full setup,,1006,1006_20230322T1500,20230322,1500,Timelapse,AH,,0,0,1,1,1,1,1,1,1,Tübingen-DE,48.5375,9.059722222222224,119SE,450,2,0,108,21.1,37.1,Clear,,Windy,corridor,,Indoor w/ window,,mixed,,,2
128,101,SCENES,20230208,Niloufar Tabandeh,128,Full setup,,1006,1006_20230322T1530,20230322,1530,Timelapse,AH,,0,0,1,1,1,1,1,1,1,Tübingen-DE,48.5375,9.059722222222224,119SE,450,2,0,108,21.1,37.5,Clear,,No wind,corridor,,Indoor w/ window,,mixed,,,2
129,101,SCENES,20230208,Niloufar Tabandeh,129,Full setup,,1006,1006_20230322T1600,20230322,1600,Timelapse,AH,,0,0,1,1,1,1,1,1,1,Tübingen-DE,48.5375,9.059722222222224,119SE,450,2,0,108,21,37.5,Clear,,Windy,corridor,,Indoor w/ window,,mixed,,,2
130,101,SCENES,20230208,Niloufar Tabandeh,130,Full setup,,1006,1006_20230322T1630,20230322,1630,Timelapse,AH,,0,0,1,1,1,1,1,1,1,Tübingen-DE,48.5375,9.059722222222224,119SE,450,2,0,108,21.1,37.7,Clear,,No wind,corridor,,Indoor w/ window,,mixed,,,2
131,101,SCENES,20230208,Niloufar Tabandeh,131,Full setup,,1006,1006_20230322T1700,20230322,1700,Timelapse,AH,,0,0,1,1,1,1,1,1,1,Tübingen-DE,48.5375,9.059722222222224,119SE,450,2,0,108,21.3,37.4,Clear,,No wind,corridor,,Indoor w/ window,,mixed,,,2
132,101,SCENES,20230208,Niloufar Tabandeh,132,Full setup,,1006,1006_20230322T1730,20230322,1730,Timelapse,AH,,0,0,1,1,1,1,1,1,1,Tübingen-DE,48.5375,9.059722222222224,119SE,450,2,0,108,20.2,37.2,Clear,,No wind,corridor,,Indoor w/ window,,mixed,,,2
133,101,SCENES,20230208,Niloufar Tabandeh,133,Full setup,,1006,1006_20230322T1800,20230322,1800,Timelapse,AH,,0,0,1,1,1,1,1,1,1,Tübingen-DE,48.5375,9.059722222222224,119SE,450,2,0,108,20.3,37.6,Clear,,No wind,corridor,,Indoor w/ window,,mixed,,,2
134,101,SCENES,20230208,Niloufar Tabandeh,134,Full setup,,1006,1006_20230322T1830,20230322,1830,Timelapse,AH,,0,0,1,1,1,1,1,1,1,Tübingen-DE,48.5375,9.059722222222224,119SE,450,2,0,108,20,37.4,Clear,,No wind,corridor,,Indoor w/ window,,mixed,,,2
135,101,SCENES,20230208,Niloufar Tabandeh,135,Full setup,,1006,1006_20230322T1900,20230322,1900,Timelapse,AH,,0,0,1,1,1,1,1,1,1,Tübingen-DE,48.5375,9.059722222222224,119SE,450,2,0,108,20.1,37.5,Clear,,No wind,corridor,,Indoor w/ window,,mixed,,,2
136,101,SCENES,20230208,Niloufar Tabandeh,136,Full setup,,1007,1007_20230404T0830,20230404,830,Trajectory,NT-AH,,0,0,1,1,1,1,1,1,1,Tübingen-DE,48.54694444444444,9.056944444444445,103E,480,0,0,120,-0.2,60,Clear,,No wind,countryside,,Outdoor,,daylight,,,2
137,101,SCENES,20230208,Niloufar Tabandeh,137,Full setup,,1007,1007_20230404T0900,20230404,900,Trajectory,NT-AH,,0,0,1,1,1,1,1,1,1,Tübingen-DE,48.54694444444444,9.058611111111112,68E,470,0,0,120,1.7,51.7,Clear,,No wind,countryside,,Outdoor,,daylight,,,2
138,101,SCENES,20230208,Niloufar Tabandeh,138,Full setup,,1007,1007_20230404T0930,20230404,930,Trajectory,NT-AH,,0,0,1,1,1,1,1,1,1,Tübingen-DE,48.54416666666666,9.055000000000001,200S,480,0,0,120,0.4,52.7,Clear,,No wind,open field,,Outdoor,,daylight,,,2
139,101,SCENES,20230208,Niloufar Tabandeh,139,Full setup,,1007,1007_20230404T1000,20230404,1000,Trajectory,NT-AH,,0,0,1,1,1,1,1,1,1,Tübingen-DE,48.5375,9.059722222222224,279W,450,0,0,120,7.9,33.8,Clear,,No wind,industry,,Outdoor,,daylight,,,2
140,101,SCENES,20230208,Niloufar Tabandeh,140,Full setup,,1007,1007_20230404T1030,20230404,1030,Trajectory,NT-AH,,0,0,1,1,1,1,1,1,1,Tübingen-DE,48.5375,9.059722222222224,280W,450,1,0,120,19.8,38.3,Clear,,No wind,office,,Indoor w/o window,,daylight,,,2
141,101,SCENES,20230208,Niloufar Tabandeh,141,Full setup,,1007,1007_20230404T1100,20230404,1100,Trajectory,NT-AH,,0,0,1,1,1,1,1,1,1,Tübingen-DE,48.5375,9.059722222222224,280W,450,1,0,115,21.4,35,Clear,,No wind,office,,Indoor w/o window,,daylight,,,2
142,101,SCENES,20230208,Niloufar Tabandeh,142,Full setup,,1007,1007_20230404T1130,20230404,1130,Trajectory,NT-AH,,0,0,1,1,1,1,1,1,1,Tübingen-DE,48.5375,9.059722222222224,280W,450,1,0,115,22.4,33.5,Clear,,No wind,office,,Indoor w/o window,,daylight,,,2
143,101,SCENES,20230208,Niloufar Tabandeh,143,Full setup,,1007,1007_20230404T1200,20230404,1200,Trajectory,NT-AH,,0,0,1,1,1,1,1,1,1,Tübingen-DE,48.5375,9.059722222222224,280W,450,0,0,120,22.8,33.1,Clear,,No wind,office,,Indoor w/o window,,daylight,,,2
144,101,SCENES,20230208,Niloufar Tabandeh,144,Full setup,,1007,1007_20230404T1230,20230404,1230,Trajectory,NT-AH,,0,0,1,1,1,1,1,1,1,Tübingen-DE,48.5375,9.059722222222224,280W,450,0,0,120,22.9,32.9,Clear,,No wind,office,,Indoor w/o window,,daylight,,Malfunction during saving,2
145,101,SCENES,20230208,Niloufar Tabandeh,145,Full setup,,1007,1007_20230404T1300,20230404,1300,Trajectory,NT-AH,,0,0,1,0,1,1,1,1,1,Tübingen-DE,48.5375,9.059722222222224,210SW,450,1,0,120,11.7,26.9,Clear,,Windy,countryside,,Outdoor,,daylight,,,2
146,101,SCENES,20230208,Niloufar Tabandeh,146,Full setup,,1007,1007_20230404T1330,20230404,1330,Trajectory,NT-AH,,0,0,1,1,1,1,1,1,1,Tübingen-DE,48.5375,9.059722222222224,30NE,450,1,0,120,11.7,29,Clear,,Windy,countryside,,Outdoor,,daylight,,,2
147,101,SCENES,20230208,Niloufar Tabandeh,147,Full setup,,1007,1007_20230404T1400,20230404,1400,Trajectory,NT-AH,,0,0,1,1,1,1,1,1,1,Tübingen-DE,48.5375,9.059722222222224,280W,450,1,0,115,13.5,44.5,Clear,,Windy,countryside,,Outdoor,,daylight,,,2
148,101,SCENES,20230208,Niloufar Tabandeh,148,Full setup,,1007,1007_20230404T1430,20230404,1430,Trajectory,NT-AH,,0,0,1,1,1,1,1,1,1,Tübingen-DE,48.5375,9.059722222222224,280W,450,1,0,115,21,35.6,Clear,,No wind,office,,Indoor w/o window,,daylight,,,2
149,101,SCENES,20230208,Niloufar Tabandeh,149,Full setup,,1007,1007_20230404T1500,20230404,1500,Trajectory,NT-AH,,0,0,1,1,1,1,1,1,1,Tübingen-DE,48.5375,9.059722222222224,280W,450,1,0,115,21.9,33.2,Clear,,No wind,office,,Indoor w/o window,,daylight,,,2
150,101,SCENES,20230208,Niloufar Tabandeh,150,Full setup,,1007,1007_20230404T1530,20230404,1530,Trajectory,NT-AH,,0,0,1,1,1,1,1,1,1,Tübingen-DE,48.5375,9.059722222222224,280W,450,1,0,115,22.3,32.5,Clear,,No wind,office,,Indoor w/o window,,daylight,,,2
151,101,SCENES,20230208,Niloufar Tabandeh,151,Full setup,,1007,1007_20230404T1600,20230404,1600,Trajectory,NT-AH,,0,0,1,1,1,1,1,1,1,Tübingen-DE,48.5375,9.059722222222224,279W,450,0,0,120,10,29.7,Clear,,No wind,industry,,Outdoor,,daylight,,,2
152,101,SCENES,20230208,Niloufar Tabandeh,152,Full setup,,1007,1007_20230404T1630,20230404,1630,Trajectory,NT-AH,,0,0,1,1,1,1,1,1,1,Tübingen-DE,48.54416666666666,9.055000000000001,15N,480,0,0,120,16.4,18.6,Clear,,No wind,open field,,Outdoor,,daylight,,,2
153,101,SCENES,20230208,Niloufar Tabandeh,153,Full setup,,1007,1007_20230404T1700,20230404,1700,Trajectory,NT-AH,,0,0,1,1,1,1,1,1,1,Tübingen-DE,48.54694444444444,9.058611111111112,290W,470,0,0,120,7.9,32.4,Clear,,No wind,countryside,,Outdoor,,daylight,,,2
154,101,SCENES,20230208,Niloufar Tabandeh,154,Full setup,,1007,1007_20230404T1730,20230404,1730,Trajectory,NT-AH,,0,0,1,1,1,1,1,1,1,Tübingen-DE,48.54694444444444,9.056944444444445,295NW,480,0,0,120,6.9,35.7,Clear,,No wind,countryside,,Outdoor,,daylight,,,2
155,101,SCENES,20230208,Niloufar Tabandeh,155,Full setup,,1008,1008_20230414T0800,20230414,800,Timelapse,NT-AH,,0,0,1,1,1,1,1,1,1,Tübingen-DE,48.53722222222222,9.058611111111112,120SE,460,4,0,130,6.7,67.4,Clear,,No wind,countryside,,Outdoor,,daylight,,"Issue connection for Jeti, delayed measurement",2
156,101,SCENES,20230208,Niloufar Tabandeh,156,Full setup,,1008,1008_20230414T0830,20230414,830,Timelapse,NT-AH,,0,0,1,1,1,1,1,1,1,Tübingen-DE,48.53722222222222,9.058611111111112,120SE,460,4,0,130,7,68.6,Clear,,No wind,countryside,,Outdoor,,daylight,,,2
157,101,SCENES,20230208,Niloufar Tabandeh,157,Full setup,,1008,1008_20230414T0900,20230414,900,Timelapse,NT-AH,,0,0,1,1,1,1,1,1,1,Tübingen-DE,48.53722222222222,9.058611111111112,120SE,460,4,0,130,6.4,69.7,Clear,,No wind,countryside,,Outdoor,,daylight,,,2
158,101,SCENES,20230208,Niloufar Tabandeh,158,Full setup,,1008,1008_20230414T0930,20230414,930,Timelapse,NT-AH,,0,0,1,1,1,1,1,1,1,Tübingen-DE,48.53722222222222,9.058611111111112,120SE,460,4,0,130,7.6,64.2,Clear,,No wind,countryside,,Outdoor,,daylight,,,2
159,101,SCENES,20230208,Niloufar Tabandeh,159,Full setup,,1008,1008_20230414T1000,20230414,1000,Timelapse,NT-AH,,0,0,1,1,1,1,1,1,1,Tübingen-DE,48.53722222222222,9.058611111111112,120SE,460,4,0,130,9.9,58.4,Clear,,No wind,countryside,,Outdoor,,daylight,,,2
160,101,SCENES,20230208,Niloufar Tabandeh,160,Full setup,,1008,1008_20230414T1030,20230414,1030,Timelapse,NT-AH,,0,0,1,1,1,1,1,1,1,Tübingen-DE,48.53722222222222,9.058611111111112,120SE,460,4,0,130,8.8,60.1,Clear,,No wind,countryside,,Outdoor,,daylight,,,2
161,101,SCENES,20230208,Niloufar Tabandeh,161,Full setup,,1008,1008_20230414T1100,20230414,1100,Timelapse,NT-AH,,0,0,1,1,1,1,1,1,1,Tübingen-DE,48.53722222222222,9.058611111111112,120SE,460,4,0,130,11.8,52.8,Clear,,No wind,countryside,,Outdoor,,daylight,,,2
162,101,SCENES,20230208,Niloufar Tabandeh,162,Full setup,,1008,1008_20230414T1130,20230414,1130,Timelapse,NT-AH,,0,0,1,1,1,1,1,1,1,Tübingen-DE,48.53722222222222,9.058611111111112,120SE,460,4,0,130,15,42.9,Clear,,No wind,countryside,,Outdoor,,daylight,,,2
163,101,SCENES,20230208,Niloufar Tabandeh,163,Full setup,,1008,1008_20230414T1200,20230414,1200,Timelapse,NT-AH,,0,0,1,1,1,1,1,1,1,Tübingen-DE,48.53722222222222,9.058611111111112,120SE,460,4,0,130,16.2,47.8,Partially cloudy,,No wind,countryside,,Outdoor,,daylight,,,2
164,101,SCENES,20230208,Niloufar Tabandeh,164,Full setup,,1008,1008_20230414T1230,20230414,1230,Timelapse,NT-AH,,0,0,1,1,1,1,1,1,1,Tübingen-DE,48.53722222222222,9.058611111111112,120SE,460,4,0,130,17.5,39.1,Clear,,No wind,countryside,,Outdoor,,daylight,,,2
165,101,SCENES,20230208,Niloufar Tabandeh,165,Full setup,,1008,1008_20230414T1300,20230414,1300,Timelapse,NT-AH,,0,0,1,1,1,1,1,1,1,Tübingen-DE,48.53722222222222,9.058611111111112,120SE,460,4,0,130,16.1,32.5,Clear,,No wind,countryside,,Outdoor,,daylight,,,2
166,101,SCENES,20230208,Niloufar Tabandeh,166,Full setup,,1008,1008_20230414T1330,20230414,1330,Timelapse,NT-AH,,0,0,1,1,1,1,1,1,1,Tübingen-DE,48.53722222222222,9.058611111111112,120SE,460,4,0,130,14.5,33.7,Partially cloudy,,No wind,countryside,,Outdoor,,daylight,,,2
167,101,SCENES,20230208,Niloufar Tabandeh,167,Full setup,,1008,1008_20230414T1400,20230414,1400,Timelapse,NT-AH,,0,0,1,1,1,1,1,1,1,Tübingen-DE,48.53722222222222,9.058611111111112,120SE,460,4,0,130,19.3,23.3,Partially cloudy,,No wind,countryside,,Outdoor,,daylight,,,2
168,101,SCENES,20230208,Niloufar Tabandeh,168,Full setup,,1008,1008_20230414T1430,20230414,1430,Timelapse,NT-AH,,0,0,1,1,1,1,1,1,1,Tübingen-DE,48.53722222222222,9.058611111111112,120SE,460,4,0,130,17.1,28.7,Clear,,No wind,countryside,,Outdoor,,daylight,,,2
169,101,SCENES,20230208,Niloufar Tabandeh,169,Full setup,,1008,1008_20230414T1500,20230414,1500,Timelapse,NT-AH,,0,0,1,1,1,1,1,1,1,Tübingen-DE,48.53722222222222,9.058611111111112,120SE,460,4,0,130,15.5,29.1,Clear,,No wind,countryside,,Outdoor,,daylight,,,2
170,101,SCENES,20230208,Niloufar Tabandeh,170,Full setup,,1008,1008_20230414T1530,20230414,1530,Timelapse,NT-AH,,0,0,1,1,1,1,1,1,1,Tübingen-DE,48.53722222222222,9.058611111111112,120SE,460,4,0,130,17.9,24.9,Clear,,No wind,countryside,,Outdoor,,daylight,,,2
171,101,SCENES,20230208,Niloufar Tabandeh,171,Full setup,,1008,1008_20230414T1600,20230414,1600,Timelapse,NT-AH,,0,0,1,1,1,1,1,1,1,Tübingen-DE,48.53722222222222,9.058611111111112,120SE,460,4,0,130,14.4,32.3,Clear,,No wind,countryside,,Outdoor,,daylight,,,2
172,101,SCENES,20230208,Niloufar Tabandeh,172,Full setup,,1008,1008_20230414T1630,20230414,1630,Timelapse,NT-AH,,0,0,1,1,1,1,1,1,1,Tübingen-DE,48.53722222222222,9.058611111111112,120SE,460,4,0,130,20.2,23,Clear,,No wind,countryside,,Outdoor,,daylight,,,2
173,101,SCENES,20230208,Niloufar Tabandeh,173,Full setup,,1008,1008_20230414T1700,20230414,1700,Timelapse,NT-AH,,0,0,1,1,1,1,1,1,1,Tübingen-DE,48.53722222222222,9.058611111111112,120SE,460,4,0,130,15.1,31.5,Clear,,No wind,countryside,,Outdoor,,daylight,,,2
174,101,SCENES,20230208,Niloufar Tabandeh,174,Full setup,,1008,1008_20230414T1730,20230414,1730,Timelapse,NT-AH,,0,0,1,1,1,1,1,1,1,Tübingen-DE,48.53722222222222,9.058611111111112,120SE,460,4,0,130,12.8,34.4,Clear,,No wind,countryside,,Outdoor,,daylight,,,2
175,101,SCENES,20230208,Niloufar Tabandeh,175,Full setup,,1008,1008_20230414T1800,20230414,1800,Timelapse,NT-AH,,0,0,1,1,1,1,1,1,1,Tübingen-DE,48.53722222222222,9.058611111111112,120SE,460,4,0,130,12.6,33.7,Clear,,No wind,countryside,,Outdoor,,daylight,,,2
176,101,SCENES,20230208,Niloufar Tabandeh,176,Full setup,,1009,1009_20230421T1200,20230421,1200,Timelapse,NT-AH,,0,0,1,1,1,1,1,1,1,Tübingen-DE,48.53722222222222,9.058611111111112,3N,460,4,0,130,25.3,33.4,Clear,,No wind,countryside,,Outdoor,,daylight,,Testo fully exposed to the sun   ,2
177,101,SCENES,20230208,Niloufar Tabandeh,177,Full setup,,1009,1009_20230421T1230,20230421,1230,Timelapse,NT-AH,,0,0,1,1,1,1,1,1,1,Tübingen-DE,48.53722222222222,9.058611111111112,3N,460,4,0,130,22.3,37.9,Clear,,No wind,countryside,,Outdoor,,daylight,,,2
178,101,SCENES,20230208,Niloufar Tabandeh,178,Full setup,,1009,1009_20230421T1300,20230421,1300,Timelapse,NT-AH,,0,0,1,1,1,1,1,1,1,Tübingen-DE,48.53722222222222,9.058611111111112,3N,460,4,0,130,18.6,46.2,Clear,,No wind,countryside,,Outdoor,,daylight,,,2
179,101,SCENES,20230208,Niloufar Tabandeh,179,Full setup,,1009,1009_20230421T1330,20230421,1330,Timelapse,NT-AH,,0,0,1,1,1,1,1,1,1,Tübingen-DE,48.53722222222222,9.058611111111112,3N,460,4,0,130,25.2,35.7,Clear,,No wind,countryside,,Outdoor,,daylight,,,2
180,101,SCENES,20230208,Niloufar Tabandeh,180,Full setup,,1009,1009_20230421T1400,20230421,1400,Timelapse,NT-AH,,0,0,1,1,1,1,1,1,1,Tübingen-DE,48.53722222222222,9.058611111111112,3N,460,4,0,130,22.9,37.9,Clear,,No wind,countryside,,Outdoor,,daylight,,,2
181,101,SCENES,20230208,Niloufar Tabandeh,181,Full setup,,1009,1009_20230421T1430,20230421,1430,Timelapse,NT-AH,,0,0,1,1,1,1,1,1,1,Tübingen-DE,48.53722222222222,9.058611111111112,3N,460,4,0,130,25.4,34.3,Clear,,No wind,countryside,,Outdoor,,daylight,,,2
182,101,SCENES,20230208,Niloufar Tabandeh,182,Full setup,,1009,1009_20230421T1500,20230421,1500,Timelapse,NT-AH,,0,0,1,1,1,1,1,1,1,Tübingen-DE,48.53722222222222,9.058611111111112,3N,460,4,0,130,28.3,29.6,Clear,,No wind,countryside,,Outdoor,,daylight,,,2
183,101,SCENES,20230208,Niloufar Tabandeh,183,Full setup,,1009,1009_20230421T1530,20230421,1530,Timelapse,NT-AH,,0,0,1,1,1,1,1,1,1,Tübingen-DE,48.53722222222222,9.058611111111112,3N,460,4,0,130,28.5,30,Clear,,No wind,countryside,,Outdoor,,daylight,,,2
184,101,SCENES,20230208,Niloufar Tabandeh,184,Full setup,,1009,1009_20230421T1600,20230421,1600,Timelapse,NT-AH,,0,0,1,1,1,1,1,1,1,Tübingen-DE,48.53722222222222,9.058611111111112,3N,460,4,0,130,27.4,31.1,Clear,,No wind,countryside,,Outdoor,,daylight,,,2
185,101,SCENES,20230208,Niloufar Tabandeh,185,Full setup,,1009,1009_20230421T1630,20230421,1630,Timelapse,NT-AH,,0,0,1,1,1,1,1,1,1,Tübingen-DE,48.53722222222222,9.058611111111112,3N,460,4,0,130,19.6,44,Clear,,No wind,countryside,,Outdoor,,daylight,,,2
186,101,SCENES,20230208,Niloufar Tabandeh,186,Full setup,,1009,1009_20230421T1700,20230421,1700,Timelapse,NT-AH,,0,0,1,1,1,1,1,1,1,Tübingen-DE,48.53722222222222,9.058611111111112,3N,460,4,0,130,19.1,46.5,Clear,,No wind,countryside,,Outdoor,,daylight,,,2
187,101,SCENES,20230208,Niloufar Tabandeh,187,Full setup,,1009,1009_20230421T1730,20230421,1730,Timelapse,NT-AH,,0,0,1,1,1,1,1,1,1,Tübingen-DE,48.53722222222222,9.058611111111112,3N,460,4,0,130,18.8,46.7,Clear,,No wind,countryside,,Outdoor,,daylight,,,2
188,101,SCENES,20230208,Niloufar Tabandeh,188,Full setup,,1009,1009_20230421T1800,20230421,1800,Timelapse,NT-AH,,0,0,1,1,1,1,1,1,1,Tübingen-DE,48.53722222222222,9.058611111111112,3N,460,4,0,130,18.1,48.2,Clear,,No wind,countryside,,Outdoor,,daylight,,,2
189,101,SCENES,20230208,Niloufar Tabandeh,189,Full setup,,1009,1009_20230421T1830,20230421,1830,Timelapse,AH,,0,0,1,1,1,1,1,1,1,Tübingen-DE,48.53722222222222,9.058611111111112,3N,460,4,0,130,17.4,52.4,Clear,,No wind,countryside,,Outdoor,,daylight,,,2
190,101,SCENES,20230208,Niloufar Tabandeh,190,Full setup,,1009,1009_20230421T1900,20230421,1900,Timelapse,AH,,0,0,1,1,1,1,1,1,1,Tübingen-DE,48.53722222222222,9.058611111111112,3N,460,4,0,130,17.2,38.6,Clear,,No wind,countryside,,Outdoor,,daylight,,,2
191,101,SCENES,20230208,Niloufar Tabandeh,191,Full setup,,1009,1009_20230421T1930,20230421,1930,Timelapse,AH,,0,0,1,1,1,1,1,1,1,Tübingen-DE,48.53722222222222,9.058611111111112,3N,460,4,0,130,16.6,42.2,Clear,,No wind,countryside,,Outdoor,,daylight,,,2
192,101,SCENES,20230208,Niloufar Tabandeh,192,Full setup,,1009,1009_20230421T2000,20230421,2000,Timelapse,AH,,0,0,1,1,1,1,1,1,1,Tübingen-DE,48.53722222222222,9.058611111111112,3N,460,4,0,130,15.1,43.5,Clear,,No wind,countryside,,Outdoor,,daylight,,,2
193,101,SCENES,20230208,Niloufar Tabandeh,193,Full setup,,1009,1009_20230421T2030,20230421,2030,Timelapse,AH,,0,0,1,1,1,1,1,1,1,Tübingen-DE,48.53722222222222,9.058611111111112,3N,460,4,0,130,15,46.8,Cloudy,,No wind,countryside,,Outdoor,,daylight,,,2
194,101,SCENES,20230208,Niloufar Tabandeh,194,Full setup,,1009,1009_20230421T2100,20230421,2100,Timelapse,AH,,0,0,1,1,1,1,1,1,1,Tübingen-DE,48.53722222222222,9.058611111111112,3N,460,4,0,130,14.7,47.4,Cloudy,,No wind,countryside,,Outdoor,,mixed,,,2
195,101,SCENES,20230208,Niloufar Tabandeh,195,Full setup,,1010,1010_20230612T1000,20230612,1000,Timelapse,NT,,0,0,1,1,1,1,1,1,1,Ottawa-CA,45.44944444444444,-75.62194444444444,296NW,100,3,0,120,25.1,38.4,Overcast,,No wind,office,,Indoor w/o window,,mixed,,,2
196,101,SCENES,20230208,Niloufar Tabandeh,196,Full setup,,1010,1010_20230612T1030,20230612,1030,Timelapse,NT,,0,0,1,1,1,1,1,1,1,Ottawa-CA,45.44944444444444,-75.62194444444444,296NW,100,3,0,120,26.2,32.6,Overcast,,No wind,office,,Indoor w/o window,,mixed,,,2
197,101,SCENES,20230208,Niloufar Tabandeh,197,Full setup,,1010,1010_20230612T1100,20230612,1100,Timelapse,NT,,0,0,1,1,1,1,1,1,1,Ottawa-CA,45.44944444444444,-75.62194444444444,296NW,100,3,0,120,26,35.7,Overcast,,No wind,office,,Indoor w/o window,,mixed,,,2
198,101,SCENES,20230208,Niloufar Tabandeh,198,Full setup,,1010,1010_20230612T1130,20230612,1130,Timelapse,NT,,0,0,1,1,1,1,1,1,1,Ottawa-CA,45.44944444444444,-75.62194444444444,296NW,100,3,0,120,26.3,36,Overcast,,No wind,office,,Indoor w/o window,,mixed,,,2
199,101,SCENES,20230208,Niloufar Tabandeh,199,Full setup,,1010,1010_20230612T1200,20230612,1200,Timelapse,NT,,0,0,1,1,1,1,1,1,1,Ottawa-CA,45.44944444444444,-75.62194444444444,296NW,100,3,0,120,26.2,35.6,Overcast,,No wind,office,,Indoor w/o window,,mixed,,,2
200,101,SCENES,20230208,Niloufar Tabandeh,200,Full setup,,1010,1010_20230612T1230,20230612,1230,Timelapse,NT,,0,0,1,1,1,1,1,1,1,Ottawa-CA,45.44944444444444,-75.62194444444444,296NW,100,3,0,120,26,36.6,Overcast,,No wind,office,,Indoor w/o window,,mixed,,,2
201,101,SCENES,20230208,Niloufar Tabandeh,201,Full setup,,1010,1010_20230612T1300,20230612,1300,Timelapse,NT,,0,0,1,1,1,1,1,1,1,Ottawa-CA,45.44944444444444,-75.62194444444444,296NW,100,3,0,120,26.2,37.1,Overcast,,No wind,office,,Indoor w/o window,,mixed,,,2
202,101,SCENES,20230208,Niloufar Tabandeh,202,Full setup,,1010,1010_20230612T1330,20230612,1330,Timelapse,NT,,0,0,1,1,1,1,1,1,1,Ottawa-CA,45.44944444444444,-75.62194444444444,296NW,100,3,0,120,26.4,37.4,Overcast,,No wind,office,,Indoor w/o window,,mixed,,,2
203,101,SCENES,20230208,Niloufar Tabandeh,203,Full setup,,1010,1010_20230612T1400,20230612,1400,Timelapse,NT,,0,0,1,1,1,1,1,1,1,Ottawa-CA,45.44944444444444,-75.62194444444444,296NW,100,3,0,120,26.3,37,Overcast,,No wind,office,,Indoor w/o window,,mixed,,,2
204,101,SCENES,20230208,Niloufar Tabandeh,204,Full setup,,1010,1010_20230612T1430,20230612,1430,Timelapse,NT,,0,0,1,1,1,1,1,1,1,Ottawa-CA,45.44944444444444,-75.62194444444444,296NW,100,3,0,120,26,37.4,Overcast,,No wind,office,,Indoor w/o window,,mixed,,,2
205,101,SCENES,20230208,Niloufar Tabandeh,205,Full setup,,1010,1010_20230612T1500,20230612,1500,Timelapse,NT,,0,0,1,1,1,1,1,1,1,Ottawa-CA,45.44944444444444,-75.62194444444444,296NW,100,3,0,120,26.1,37.9,Overcast,,No wind,office,,Indoor w/o window,,mixed,,,2
206,101,SCENES,20230208,Niloufar Tabandeh,206,Full setup,,1010,1010_20230612T1530,20230612,1530,Timelapse,NT,,0,0,1,1,1,1,1,1,1,Ottawa-CA,45.44944444444444,-75.62194444444444,296NW,100,3,0,120,26.1,38.2,Overcast,,No wind,office,,Indoor w/o window,,mixed,,,2
207,101,SCENES,20230208,Niloufar Tabandeh,207,Full setup,,1010,1010_20230612T1600,20230612,1600,Timelapse,NT,,0,0,1,1,1,1,1,1,1,Ottawa-CA,45.44944444444444,-75.62194444444444,296NW,100,3,0,120,26,37.7,Overcast,,No wind,office,,Indoor w/o window,,mixed,,,2
208,101,SCENES,20230208,Niloufar Tabandeh,208,Full setup,,1010,1010_20230612T1630,20230612,1630,Timelapse,NT,,0,0,1,1,1,1,1,1,1,Ottawa-CA,45.44944444444444,-75.62194444444444,296NW,100,3,0,120,26.2,37.9,Overcast,,No wind,office,,Indoor w/o window,,mixed,,,2
209,101,SCENES,20230208,Niloufar Tabandeh,209,Full setup,,1010,1010_20230612T1700,20230612,1700,Timelapse,NT,,0,0,1,1,1,1,1,1,1,Ottawa-CA,45.44944444444444,-75.62194444444444,296NW,100,3,0,120,26.3,38.2,Overcast,,No wind,office,,Indoor w/o window,,mixed,,,2
210,101,SCENES,20230208,Niloufar Tabandeh,210,Full setup,,1011,1011_20230613T0830,20230613,830,Timelapse,NT,,0,0,1,1,1,1,1,1,1,Ottawa-CA,45.44916666666666,-75.62194444444444,325NW,100,3,0,102,25.5,39.1,Overcast,,No wind,office,,Indoor w/o window,,mixed,,,2
211,101,SCENES,20230208,Niloufar Tabandeh,211,Full setup,,1011,1011_20230613T0900,20230613,900,Timelapse,NT,,0,0,1,1,1,1,1,1,1,Ottawa-CA,45.44916666666666,-75.62194444444444,325NW,100,3,0,102,25.6,39.3,Overcast,,No wind,office,,Indoor w/o window,,mixed,,,2
212,101,SCENES,20230208,Niloufar Tabandeh,212,Full setup,,1011,1011_20230613T0930,20230613,930,Timelapse,NT,,0,0,1,1,1,1,1,1,1,Ottawa-CA,45.44916666666666,-75.62194444444444,325NW,100,3,0,102,25.3,39,Overcast,,No wind,office,,Indoor w/o window,,mixed,,,2
213,101,SCENES,20230208,Niloufar Tabandeh,213,Full setup,,1011,1011_20230613T1000,20230613,1000,Timelapse,NT,,0,0,1,1,1,1,1,1,1,Ottawa-CA,45.44916666666666,-75.62194444444444,325NW,100,3,0,102,25.4,38.5,Overcast,,No wind,office,,Indoor w/o window,,mixed,,,2
214,101,SCENES,20230208,Niloufar Tabandeh,214,Full setup,,1011,1011_20230613T1030,20230613,1030,Timelapse,NT,,0,0,1,1,1,1,1,1,1,Ottawa-CA,45.44916666666666,-75.62194444444444,325NW,100,3,0,102,25.4,38.4,Overcast,,No wind,office,,Indoor w/o window,,mixed,,,2
215,101,SCENES,20230208,Niloufar Tabandeh,215,Full setup,,1011,1011_20230613T1100,20230613,1100,Timelapse,NT,,0,0,1,1,1,1,1,1,1,Ottawa-CA,45.44916666666666,-75.62194444444444,325NW,100,3,0,102,25.2,37.1,Overcast,,No wind,office,,Indoor w/o window,,mixed,,,2
216,101,SCENES,20230208,Niloufar Tabandeh,216,Full setup,,1011,1011_20230613T1130,20230613,1130,Timelapse,NT,,0,0,1,1,1,1,1,1,1,Ottawa-CA,45.44916666666666,-75.62194444444444,325NW,100,3,0,102,25.9,38.3,Overcast,,No wind,office,,Indoor w/o window,,mixed,,,2
217,101,SCENES,20230208,Niloufar Tabandeh,217,Full setup,,1011,1011_20230613T1200,20230613,1200,Timelapse,NT,,0,0,1,1,1,1,1,1,1,Ottawa-CA,45.44916666666666,-75.62194444444444,325NW,100,3,0,102,25.6,39.8,Overcast,,No wind,office,,Indoor w/o window,,mixed,,,2
218,101,SCENES,20230208,Niloufar Tabandeh,218,Full setup,,1011,1011_20230613T1230,20230613,1230,Timelapse,NT,,0,0,1,1,1,1,1,1,1,Ottawa-CA,45.44916666666666,-75.62194444444444,325NW,100,3,0,102,25.3,39.7,Overcast,,No wind,office,,Indoor w/o window,,mixed,,,2
219,101,SCENES,20230208,Niloufar Tabandeh,219,Full setup,,1011,1011_20230613T1300,20230613,1300,Timelapse,NT,,0,0,1,1,1,1,1,1,1,Ottawa-CA,45.44916666666666,-75.62194444444444,325NW,100,3,0,102,25.8,36.9,Partially cloudy,,No wind,office,,Indoor w/o window,,mixed,,,2
220,101,SCENES,20230208,Niloufar Tabandeh,220,Full setup,,1011,1011_20230613T1330,20230613,1330,Timelapse,NT,,0,0,1,1,1,1,1,1,1,Ottawa-CA,45.44916666666666,-75.62194444444444,325NW,100,3,0,102,26.1,37.3,Partially cloudy,,No wind,office,,Indoor w/o window,,mixed,,,2
221,101,SCENES,20230208,Niloufar Tabandeh,221,Full setup,,1011,1011_20230613T1400,20230613,1400,Timelapse,NT,,0,0,1,1,1,1,1,1,1,Ottawa-CA,45.44916666666666,-75.62194444444444,325NW,100,3,0,102,25.6,38.2,Partially cloudy,,No wind,office,,Indoor w/o window,,mixed,,,2
222,101,SCENES,20230208,Niloufar Tabandeh,222,Full setup,,1011,1011_20230613T1430,20230613,1430,Timelapse,NT,,0,0,1,1,1,1,1,1,1,Ottawa-CA,45.44916666666666,-75.62194444444444,325NW,100,3,0,102,26,37,Partially cloudy,,No wind,office,,Indoor w/o window,,mixed,,,2
223,101,SCENES,20230208,Niloufar Tabandeh,223,Full setup,,1011,1011_20230613T1500,20230613,1500,Timelapse,NT,,0,0,1,1,1,1,1,1,1,Ottawa-CA,45.44916666666666,-75.62194444444444,325NW,100,3,0,102,26.2,36.6,Partially cloudy,,No wind,office,,Indoor w/o window,,mixed,,,2
224,101,SCENES,20230208,Niloufar Tabandeh,224,Full setup,,1011,1011_20230613T1530,20230613,1530,Timelapse,NT,,0,0,1,1,1,1,1,1,1,Ottawa-CA,45.44916666666666,-75.62194444444444,325NW,100,3,0,102,25.8,37.7,Partially cloudy,,No wind,office,,Indoor w/o window,,mixed,,,2
225,101,SCENES,20230208,Niloufar Tabandeh,225,Full setup,,1011,1011_20230613T1600,20230613,1600,Timelapse,NT,,0,0,1,1,1,1,1,0,0,Ottawa-CA,45.44916666666666,-75.62194444444444,325NW,100,3,0,102,25.7,38,Partially cloudy,,No wind,office,,Indoor w/o window,,mixed,,,1
226,101,SCENES,20230208,Niloufar Tabandeh,226,Full setup,,1011,1011_20230613T1630,20230613,1630,Timelapse,NT,,0,0,1,1,1,1,1,0,0,Ottawa-CA,45.44916666666666,-75.62194444444444,325NW,100,3,0,102,25.6,37.2,Partially cloudy,,No wind,office,,Indoor w/o window,,mixed,,,1
227,101,SCENES,20230208,Niloufar Tabandeh,227,Full setup,,1012,1012_20230614T0800,20230614,800,Trajectory,NT,,0,0,1,1,1,1,1,1,1,Ottawa-CA,45.44916666666666,-75.62972222222221,243SW,100,0,0,116,20.1,63.2,Partially cloudy,,No wind,bedroom,,Indoor w/ window,,daylight,,wildfire smoke,2
228,101,SCENES,20230208,Niloufar Tabandeh,228,Full setup,,1012,1012_20230614T0830,20230614,830,Trajectory,NT,,0,0,1,1,1,1,1,1,1,Ottawa-CA,45.44916666666666,-75.62194444444444,325NW,100,1,0,116,19.8,52.3,Partially cloudy,,No wind,kitchen,,Indoor w/ window,,daylight,,wildfire smoke,2
229,101,SCENES,20230208,Niloufar Tabandeh,229,Full setup,,1012,1012_20230614T0900,20230614,900,Trajectory,NT,,0,0,1,1,1,1,1,1,1,Ottawa-CA,45.44944444444444,-75.62944444444443,37NE,100,1,0,116,20.8,52,Partially cloudy,,No wind,city,,Outdoor,,daylight,,wildfire smoke,2
230,101,SCENES,20230208,Niloufar Tabandeh,230,Full setup,,1012,1012_20230614T0930,20230614,930,Trajectory,NT,,0,0,1,1,1,1,1,1,1,Ottawa-CA,45.44944444444444,-75.62583333333333,328NW,100,0,0,116,22.4,52.6,Overcast,,No wind,countryside,,Outdoor,,daylight,,wildfire smoke,2
231,101,SCENES,20230208,Niloufar Tabandeh,231,Full setup,,1012,1012_20230614T0945,20230614,945,Trajectory,NT,,0,0,1,1,1,1,1,1,1,Ottawa-CA,45.44944444444444,-75.62583333333333,1N,100,0,0,116,23.6,49.8,Overcast,,No wind,countryside,,Outdoor,,daylight,,wildfire smoke,2
232,101,SCENES,20230208,Niloufar Tabandeh,232,Full setup,,1012,1012_20230614T1000,20230614,1000,Trajectory,NT,,0,0,1,1,1,1,1,0,0,Ottawa-CA,45.44944444444444,-75.62277777777777,213SW,100,0,0,116,23.7,47.2,Overcast,,No wind,countryside,,Outdoor,,daylight,,wildfire smoke,1
233,101,SCENES,20230208,Niloufar Tabandeh,233,Full setup,,1012,1012_20230614T1030,20230614,1030,Trajectory,NT,,0,0,1,1,1,1,1,1,1,Ottawa-CA,45.44944444444444,-75.62194444444444,224SW,100,3,0,116,24,440.2,Overcast,,No wind,office,,Indoor w/ window,,mixed,,wildfire smoke,2
234,101,SCENES,20230208,Niloufar Tabandeh,234,Full setup,,1012,1012_20230614T1100,20230614,1100,Trajectory,NT,,0,0,1,1,1,1,1,1,1,Ottawa-CA,45.44944444444444,-75.62194444444444,224SW,100,3,0,116,24.1,40.1,Overcast,,No wind,office,,Indoor w/ window,,mixed,,wildfire smoke,2
235,101,SCENES,20230208,Niloufar Tabandeh,235,Full setup,,1012,1012_20230614T1130,20230614,1130,Trajectory,NT,,0,0,1,1,1,1,1,1,1,Ottawa-CA,45.44944444444444,-75.62194444444444,224SW,100,3,0,116,24.2,39.3,Overcast,,No wind,office,,Indoor w/ window,,mixed,,wildfire smoke,2
236,101,SCENES,20230208,Niloufar Tabandeh,236,Full setup,,1012,1012_20230614T1200,20230614,1200,Trajectory,NT,,0,0,1,1,1,1,1,1,1,Ottawa-CA,45.44944444444444,-75.62194444444444,224SW,100,3,0,116,24.2,38.6,Overcast,,No wind,office,,Indoor w/ window,,mixed,,wildfire smoke,2
237,101,SCENES,20230208,Niloufar Tabandeh,237,Full setup,,1012,1012_20230614T1230,20230614,1230,Trajectory,NT,,0,0,1,1,1,1,1,1,1,Ottawa-CA,45.44944444444444,-75.62194444444444,224SW,100,3,0,116,24.4,39.1,Overcast,,No wind,office,,Indoor w/ window,,mixed,,wildfire smoke,2
238,101,SCENES,20230208,Niloufar Tabandeh,238,Full setup,,1012,1012_20230614T1300,20230614,1300,Trajectory,NT,,0,0,1,1,1,1,1,1,1,Ottawa-CA,45.44972222222222,-75.6211111111111,62NE,100,0,0,134,21.6,54.8,Rainy,,No wind,park,,Outdoor,,daylight,,wildfire smoke,2
239,101,SCENES,20230208,Niloufar Tabandeh,239,Full setup,,1012,1012_20230614T1330,20230614,1330,Trajectory,NT,,0,0,1,1,1,1,1,1,1,Ottawa-CA,45.44944444444444,-75.6211111111111,80E,100,2,0,134,24.2,43,Rainy,,No wind,kitchen,,Indoor w/ window,,daylight,,wildfire smoke,2
240,101,SCENES,20230208,Niloufar Tabandeh,240,Full setup,,1012,1012_20230614T1400,20230614,1400,Trajectory,NT,,0,0,1,1,1,1,1,1,1,Ottawa-CA,45.44944444444444,-75.6211111111111,8N,100,3,0,116,24.6,42.1,Rainy,,No wind,office,,Indoor w/ window,,mixed,,wildfire smoke,2
241,101,SCENES,20230208,Niloufar Tabandeh,241,Full setup,,1012,1012_20230614T1430,20230614,1430,Trajectory,NT,,0,0,1,1,1,1,1,1,1,Ottawa-CA,45.44944444444444,-75.6211111111111,8N,100,3,0,116,24.5,39.6,Overcast,,No wind,office,,Indoor w/ window,,mixed,,wildfire smoke,2
242,101,SCENES,20230208,Niloufar Tabandeh,242,Full setup,,1012,1012_20230614T1500,20230614,1500,Trajectory,NT,,0,0,1,1,1,1,1,1,1,Ottawa-CA,45.44944444444444,-75.6211111111111,8N,100,3,0,116,24.5,38.5,Overcast,,No wind,office,,Indoor w/ window,,mixed,,wildfire smoke,2
243,101,SCENES,20230208,Niloufar Tabandeh,243,Full setup,,1012,1012_20230614T1530,20230614,1530,Trajectory,NT,,0,0,1,1,1,1,1,1,1,Ottawa-CA,45.44944444444444,-75.6211111111111,8N,100,3,0,116,24.5,38.6,Overcast,,No wind,office,,Indoor w/ window,,mixed,,wildfire smoke,2
244,101,SCENES,20230208,Niloufar Tabandeh,244,Full setup,,1012,1012_20230614T1600,20230614,1600,Trajectory,NT,,0,0,1,1,1,1,1,1,1,Ottawa-CA,45.44888888888889,-75.62249999999999,345N,100,0,0,134,19.2,78.7,Rainy,,Windy,road,,Outdoor,,daylight,,wildfire smoke,2
245,101,SCENES,20230208,Niloufar Tabandeh,245,Full setup,,1012,1012_20230614T1630,20230614,1630,Trajectory,NT,,0,0,1,1,1,1,1,1,1,Ottawa-CA,45.44916666666666,-75.62972222222221,166s,100,0,0,134,20.9,73.9,Rainy,,No wind,countryside,,Outdoor,,daylight,,wildfire smoke,2
246,101,SCENES,20230208,Niloufar Tabandeh,246,Full setup,,1012,1012_20230614T1700,20230614,1700,Trajectory,NT,,0,0,1,1,1,1,1,1,1,Ottawa-CA,45.44944444444444,-75.62972222222221,57NE,100,0,0,134,20.6,66.7,Rainy,,No wind,city,,Outdoor,,daylight,,wildfire smoke,2
247,101,SCENES,20230208,Niloufar Tabandeh,247,Full setup,,1012,1012_20230614T1730,20230614,1730,Trajectory,NT,,0,0,1,1,1,1,1,1,1,Ottawa-CA,45.44916666666666,-75.62972222222221,260W,100,0,0,134,22.3,63,Overcast,,No wind,kitchen,,Indoor w/ window,,daylight,,wildfire smoke,2
248,101,SCENES,20230208,Niloufar Tabandeh,248,Full setup,,1012,1012_20230614T1800,20230614,1800,Trajectory,NT,,0,0,1,1,1,1,1,1,1,Ottawa-CA,45.44916666666666,-75.62972222222221,168S,100,0,0,125,20.8,59.6,Overcast,,No wind,bedroom,,Indoor w/ window,,mixed,,wildfire smoke,2
249,101,SCENES,20230208,Niloufar Tabandeh,249,Full setup,,1012,1012_20230614T1830,20230614,1830,Trajectory,NT,,0,0,1,1,1,1,1,1,0,Ottawa-CA,45.44916666666666,-75.62972222222221,168S,100,0,0,125,20.6,59.2,Overcast,,No wind,bedroom,,Indoor w/ window,,mixed,,wildfire smoke,1
250,101,SCENES,20230208,Niloufar Tabandeh,250,Full setup,,1013,1013_20230616T0800,20230616,800,Trajectory,NT,,0,0,1,1,1,1,1,1,1,Ottawa-CA,45.44361111111111,-75.62416666666665,269W,100,0,0,120,20.9,63,Overcast,,No wind,bedroom,,Indoor w/ window,,mixed,,,2
251,101,SCENES,20230208,Niloufar Tabandeh,251,Full setup,,1013,1013_20230616T0830,20230616,830,Trajectory,NT,,0,0,1,1,1,1,1,1,0,Ottawa-CA,45.44944444444444,-75.62972222222221,80E,100,0,0,120,21.3,63.5,Partially cloudy,,No wind,corridor,,Indoor w/ window,,mixed,,,1
252,101,SCENES,20230208,Niloufar Tabandeh,252,Full setup,,1013,1013_20230616T0900,20230616,900,Trajectory,NT,,0,0,1,1,1,1,1,1,1,Ottawa-CA,45.44944444444444,-75.62583333333333,53NE,100,0,0,127,23.2,65,Partially cloudy,,No wind,countryside,,Outdoor,,daylight,,,2
253,101,SCENES,20230208,Niloufar Tabandeh,253,Full setup,,1013,1013_20230616T0930,20230616,930,Trajectory,NT,,0,0,1,1,1,1,1,1,1,Ottawa-CA,45.44944444444444,-75.62277777777777,225SW,100,0,0,130,24.2,62.1,Partially cloudy,,No wind,countryside,,Outdoor,,daylight,,,2
254,101,SCENES,20230208,Niloufar Tabandeh,254,Full setup,,1013,1013_20230616T1000,20230616,1000,Trajectory,NT,,0,0,1,1,1,1,1,1,1,Ottawa-CA,45.44944444444444,-75.62277777777777,297NW,100,0,0,130,30.1,50.7,Partially cloudy,,No wind,countryside,,Outdoor,,daylight,,wildfire smoke,2
255,101,SCENES,20230208,Niloufar Tabandeh,255,Full setup,,1013,1013_20230616T1030,20230616,1030,Trajectory,NT,,0,0,1,1,1,1,1,1,1,Ottawa-CA,45.44944444444444,-75.62194444444444,178S,100,3,0,112,25.7,37.7,Partially cloudy,,No wind,office,,Indoor w/o window,,electriclight,,,2
256,101,SCENES,20230208,Niloufar Tabandeh,256,Full setup,,1013,1013_20230616T1100,20230616,1100,Trajectory,NT,,0,0,1,1,1,1,1,1,1,Ottawa-CA,45.44944444444444,-75.62194444444444,178S,100,3,0,112,25,38.9,Partially cloudy,,No wind,office,,Indoor w/o window,,electriclight,,,2
257,101,SCENES,20230208,Niloufar Tabandeh,257,Full setup,,1013,1013_20230616T1130,20230616,1130,Trajectory,NT,,0,0,1,1,1,1,1,1,1,Ottawa-CA,45.44944444444444,-75.62194444444444,178S,100,3,0,112,24.4,39.3,Partially cloudy,,No wind,office,,Indoor w/o window,,electriclight,,,2
258,101,SCENES,20230208,Niloufar Tabandeh,258,Full setup,,1013,1013_20230616T1200,20230616,1200,Trajectory,NT,,0,0,1,1,1,1,1,1,1,Ottawa-CA,45.44944444444444,-75.62194444444444,178S,100,3,0,112,24.9,38.6,Partially cloudy,,No wind,office,,Indoor w/o window,,electriclight,,,2
259,101,SCENES,20230208,Niloufar Tabandeh,259,Full setup,,1013,1013_20230616T1230,20230616,1230,Trajectory,NT,,0,0,1,1,1,1,1,1,1,Ottawa-CA,45.44944444444444,-75.62194444444444,178S,100,3,0,112,25,38.3,Partially cloudy,,No wind,office,,Indoor w/o window,,electriclight,,,2
260,101,SCENES,20230208,Niloufar Tabandeh,260,Full setup,,1013,1013_20230616T1300,20230616,1300,Trajectory,NT,,0,0,1,1,1,1,1,1,1,Ottawa-CA,45.44944444444444,-75.62222222222222,293NW,100,0,0,132,28.9,40.6,Partially cloudy,,No wind,countryside,,Outdoor,,daylight,,wildfire smoke,2
261,101,SCENES,20230208,Niloufar Tabandeh,261,Full setup,,1013,1013_20230616T1330,20230616,1330,Trajectory,NT,,0,0,1,0,0,1,1,1,1,Ottawa-CA,45.44944444444444,-75.62194444444444,70E,100,2,0,133,25.2,40.7,Partially cloudy,,No wind,kitchen,,Indoor w/ window,,mixed,,wildfire smoke,1
262,101,SCENES,20230208,Niloufar Tabandeh,262,Full setup,,1013,1013_20230616T1400,20230616,1400,Trajectory,NT,,0,0,1,1,1,1,1,1,1,Ottawa-CA,45.44944444444444,-75.62166666666666,186S,100,3,0,112,25.6,41.5,Partially cloudy,,No wind,office,,Indoor w/o window,,electriclight,,,2
263,101,SCENES,20230208,Niloufar Tabandeh,263,Full setup,,1013,1013_20230616T1430,20230616,1430,Trajectory,NT,,0,0,1,1,1,1,1,1,1,Ottawa-CA,45.44944444444444,-75.62166666666666,186S,100,3,0,112,24.9,38.2,Partially cloudy,,No wind,office,,Indoor w/o window,,electriclight,,,2
264,101,SCENES,20230208,Niloufar Tabandeh,264,Full setup,,1013,1013_20230616T1500,20230616,1500,Trajectory,NT,,0,0,1,1,1,1,1,1,1,Ottawa-CA,45.44944444444444,-75.62166666666666,186S,100,3,0,112,24.8,37.9,Partially cloudy,,No wind,office,,Indoor w/o window,,electriclight,,,2
265,101,SCENES,20230208,Niloufar Tabandeh,265,Full setup,,1013,1013_20230616T1530,20230616,1530,Trajectory,NT,,0,0,1,1,1,1,1,1,1,Ottawa-CA,45.44944444444444,-75.62166666666666,186S,100,3,0,112,25,37.7,Partially cloudy,,No wind,office,,Indoor w/o window,,electriclight,,,2
266,101,SCENES,20230208,Niloufar Tabandeh,266,Full setup,,1013,1013_20230616T1600,20230616,1600,Trajectory,NT,,0,0,1,1,1,1,1,1,1,Ottawa-CA,45.44916666666666,-75.62194444444444,136SE,100,0,0,130,30.6,32.2,Partially cloudy,,No wind,countryside,,Outdoor,,daylight,,,2
267,101,SCENES,20230208,Niloufar Tabandeh,267,Full setup,,1013,1013_20230616T1630,20230616,1630,Trajectory,NT,,0,0,1,1,1,1,1,1,0,Ottawa-CA,45.44944444444444,-75.62583333333333,70E,90,0,0,132,27.2,34.2,Partially cloudy,,No wind,countryside,,Outdoor,,daylight,,,1
268,101,SCENES,20230208,Niloufar Tabandeh,268,Full setup,,1013,1013_20230616T1700,20230616,1700,Trajectory,NT,,0,0,1,1,1,1,1,1,1,Ottawa-CA,45.44944444444444,-75.62972222222221,40NE,90,0,0,132,24.2,35.8,Partially cloudy,,No wind,city,,Outdoor,,daylight,,,2
269,101,SCENES,20230208,Niloufar Tabandeh,269,Full setup,,1013,1013_20230616T1730,20230616,1730,Trajectory,NT,,0,0,1,1,1,1,1,1,1,Ottawa-CA,45.44916666666666,-75.62972222222221,207SW,90,0,0,127,22.1,55.2,Partially cloudy,,No wind,bedroom,,Indoor w/ window,,daylight,,,2
270,101,SCENES,20230208,Niloufar Tabandeh,270,Full setup,,1013,1013_20230616T1800,20230616,1800,Trajectory,NT,,0,0,1,1,1,1,1,1,1,Ottawa-CA,45.44916666666666,-75.62972222222221,207SW,90,0,0,127,22.5,56.3,Partially cloudy,,No wind,bedroom,,Indoor w/ window,,daylight,,,2
271,101,SCENES,20230208,Niloufar Tabandeh,271,Full setup,,1014,1014_20230619T0800,20230619,800,Trajectory,NT,,0,0,1,1,1,1,1,1,1,Ottawa-CA,45.44916666666666,-75.62972222222221,198S,90,0,0,123,21.2,64,Cloudy,,No wind,bedroom,,Indoor w/ window,,mixed,,,2
272,101,SCENES,20230208,Niloufar Tabandeh,272,Full setup,,1014,1014_20230619T0830,20230619,830,Trajectory,NT,,0,0,1,1,1,1,1,1,1,Ottawa-CA,45.44916666666666,-75.62972222222221,44NE,90,0,0,133,21.1,59.7,Cloudy,,No wind,corridor,,Indoor w/ window,,daylight,,,2
273,101,SCENES,20230208,Niloufar Tabandeh,273,Full setup,,1014,1014_20230619T0900,20230619,900,Trajectory,NT,,0,0,1,1,1,1,1,1,1,Ottawa-CA,45.44944444444444,-75.62583333333333,55NE,90,0,0,80,19.7,60.1,Overcast,,No wind,countryside,,Outdoor,,daylight,,,2
274,101,SCENES,20230208,Niloufar Tabandeh,274,Full setup,,1014,1014_20230619T0930,20230619,930,Trajectory,NT,,0,0,1,1,1,1,1,1,1,Ottawa-CA,45.44944444444444,-75.62583333333333,79E,90,0,0,127,16.2,77,Overcast,,No wind,countryside,,Outdoor,,daylight,,,2
275,101,SCENES,20230208,Niloufar Tabandeh,275,Full setup,,1014,1014_20230619T1000,20230619,1000,Trajectory,NT,,0,0,1,1,1,1,1,1,1,Ottawa-CA,45.44944444444444,-75.62277777777777,225SW,90,0,0,130,16.8,72,Overcast,,No wind,countryside,,Outdoor,,daylight,,10s Klein,2
276,101,SCENES,20230208,Niloufar Tabandeh,276,Full setup,,1014,1014_20230619T1030,20230619,1030,Trajectory,NT,,0,0,1,1,1,1,1,1,1,Ottawa-CA,45.44916666666666,-75.62194444444444,287W,100,2,0,118,21.6,43.3,Partially cloudy,,No wind,office,,Indoor w/ window,,daylight,,10s Klein,2
277,101,SCENES,20230208,Niloufar Tabandeh,277,Full setup,,1014,1014_20230619T1100,20230619,1100,Trajectory,NT,,0,0,1,1,1,1,1,1,1,Ottawa-CA,45.44916666666666,-75.62194444444444,287W,100,2,0,118,21.7,43.1,Partially cloudy,,No wind,office,,Indoor w/ window,,daylight,,10s Klein,2
278,101,SCENES,20230208,Niloufar Tabandeh,278,Full setup,,1014,1014_20230619T1130,20230619,1130,Trajectory,NT,,0,0,1,1,1,1,1,1,1,Ottawa-CA,45.44916666666666,-75.62194444444444,287W,100,2,0,118,22.1,42.6,Partially cloudy,,No wind,office,,Indoor w/ window,,daylight,,10s Klein,2
279,101,SCENES,20230208,Niloufar Tabandeh,279,Full setup,,1014,1014_20230619T1200,20230619,1200,Trajectory,NT,,0,0,1,0,0,1,1,1,1,Ottawa-CA,45.44916666666666,-75.62194444444444,287W,100,2,0,118,21.3,41.6,Cloudy,,No wind,office,,Indoor w/ window,,daylight,,10s Klein,2
280,101,SCENES,20230208,Niloufar Tabandeh,280,Full setup,,1014,1014_20230619T1230,20230619,1230,Trajectory,NT,,0,0,1,1,1,1,1,1,1,Ottawa-CA,45.44916666666666,-75.62194444444444,287W,100,2,0,118,22.4,41.3,Cloudy,,No wind,office,,Indoor w/ window,,daylight,,,2
281,101,SCENES,20230208,Niloufar Tabandeh,281,Full setup,,1014,1014_20230619T1300,20230619,1300,Trajectory,NT,,0,0,1,1,1,1,1,1,1,Ottawa-CA,45.44916666666666,-75.62222222222222,202SW,90,2,0,128,24.5,42.2,Partially cloudy,,No wind,road,,Outdoor,,daylight,,,2
282,101,SCENES,20230208,Niloufar Tabandeh,282,Full setup,,1014,1014_20230619T1330,20230619,1330,Trajectory,NT,,0,0,1,1,1,1,1,1,1,Ottawa-CA,45.44944444444444,-75.62166666666666,75E,100,2,0,119,22.9,40.5,Partially cloudy,,No wind,kitchen,,Indoor w/ window,,daylight,,,2
283,101,SCENES,20230208,Niloufar Tabandeh,283,Full setup,,1014,1014_20230619T1400,20230619,1400,Trajectory,NT,,0,0,1,1,1,1,1,1,1,Ottawa-CA,45.44916666666666,-75.62249999999999,290W,100,2,0,118,23.1,39.6,Cloudy,,No wind,office,,Indoor w/ window,,daylight,,,2
284,101,SCENES,20230208,Niloufar Tabandeh,284,Full setup,,1014,1014_20230619T1430,20230619,1430,Trajectory,NT,,0,0,1,1,1,1,1,1,1,Ottawa-CA,45.44916666666666,-75.62249999999999,290W,100,2,0,118,23.6,38.8,Partially cloudy,,No wind,office,,Indoor w/ window,,daylight,,,2
285,101,SCENES,20230208,Niloufar Tabandeh,285,Full setup,,1014,1014_20230619T1500,20230619,1500,Trajectory,NT,,0,0,1,1,1,1,1,1,1,Ottawa-CA,45.44916666666666,-75.62249999999999,290W,100,2,0,118,23.8,41.1,Partially cloudy,,No wind,office,,Indoor w/ window,,daylight,,,2
286,101,SCENES,20230208,Niloufar Tabandeh,286,Full setup,,1014,1014_20230619T1530,20230619,1530,Trajectory,NT,,0,0,1,1,1,1,1,1,1,Ottawa-CA,45.44916666666666,-75.62249999999999,290W,100,2,0,118,23.7,39.6,Partially cloudy,,No wind,office,,Indoor w/ window,,daylight,,,2
287,101,SCENES,20230208,Niloufar Tabandeh,287,Full setup,,1014,1014_20230619T1600,20230619,1600,Trajectory,NT,,0,0,1,1,1,1,1,1,1,Ottawa-CA,45.44916666666666,-75.62194444444444,146SE,90,0,0,125,28.6,39.5,Partially cloudy,,No wind,countryside,,Outdoor,,daylight,,,2
288,101,SCENES,20230208,Niloufar Tabandeh,288,Full setup,,1014,1014_20230619T1615,20230619,1615,Trajectory,NT,,0,0,1,1,1,1,1,1,1,Ottawa-CA,45.44944444444444,-75.62583333333333,136SE,90,0,0,80,31,36.1,Partially cloudy,,No wind,countryside,,Outdoor,,daylight,,,2
289,101,SCENES,20230208,Niloufar Tabandeh,289,Full setup,,1014,1014_20230619T1630,20230619,1630,Trajectory,NT,,0,0,1,1,1,1,1,1,1,Ottawa-CA,45.44944444444444,-75.62583333333333,136SE,90,0,0,125,29,36.3,Partially cloudy,,No wind,countryside,,Outdoor,,daylight,,,2
290,101,SCENES,20230208,Niloufar Tabandeh,290,Full setup,,1014,1014_20230619T1700,20230619,1700,Trajectory,NT,,0,0,1,1,1,1,1,1,1,Ottawa-CA,45.44944444444444,-75.62583333333333,128SE,90,0,0,125,28.8,39.2,Partially cloudy,,No wind,countryside,,Outdoor,,daylight,,,2
291,101,SCENES,20230208,Niloufar Tabandeh,291,Full setup,,1014,1014_20230619T1730,20230619,1730,Trajectory,NT,,0,0,1,1,1,1,1,1,1,Ottawa-CA,45.44916666666666,-75.62972222222221,203SW,90,0,0,125,22.5,57.3,Partially cloudy,,No wind,bedroom,,Indoor w/ window,,daylight,,,2
292,101,SCENES,20230208,Niloufar Tabandeh,292,Full setup,,1014,1014_20230619T1800,20230619,1800,Trajectory,NT,,0,0,1,1,1,1,1,1,1,Ottawa-CA,45.44916666666666,-75.62972222222221,203SW,90,0,0,125,22.5,57.2,Partially cloudy,,No wind,bedroom,,Indoor w/ window,,daylight,,,2
293,101,SCENES,20230208,Niloufar Tabandeh,293,Full setup,,1015,1015_20230621T0830,20230621,830,Timelapse,NT,,0,0,1,1,1,1,1,1,1,Ottawa-CA,45.44944444444444,-75.62194444444444,120SE,100,2,0,106,22.8,40.2,Partially cloudy,,No wind,office,,Indoor w/o window,,mixed,,,2
294,101,SCENES,20230208,Niloufar Tabandeh,294,Full setup,,1015,1015_20230621T0900,20230621,900,Timelapse,NT,,0,0,1,1,1,1,1,1,1,Ottawa-CA,45.44944444444444,-75.62194444444444,120SE,100,2,0,106,21.7,43.1,Partially cloudy,,No wind,office,,Indoor w/o window,,mixed,,,2
295,101,SCENES,20230208,Niloufar Tabandeh,295,Full setup,,1015,1015_20230621T0930,20230621,930,Timelapse,NT,,0,0,1,1,1,1,1,1,1,Ottawa-CA,45.44944444444444,-75.62194444444444,120SE,100,2,0,106,21.9,41.1,Partially cloudy,,No wind,office,,Indoor w/o window,,mixed,,,2
296,101,SCENES,20230208,Niloufar Tabandeh,296,Full setup,,1015,1015_20230621T1000,20230621,1000,Timelapse,NT,,0,0,1,1,1,1,1,1,1,Ottawa-CA,45.44944444444444,-75.62194444444444,120SE,100,2,0,106,21.9,42,Partially cloudy,,No wind,office,,Indoor w/o window,,mixed,,,2
297,101,SCENES,20230208,Niloufar Tabandeh,297,Full setup,,1015,1015_20230621T1030,20230621,1030,Timelapse,NT,,0,0,1,1,1,1,1,1,1,Ottawa-CA,45.44944444444444,-75.62194444444444,120SE,100,2,0,106,21.8,42.2,Partially cloudy,,No wind,office,,Indoor w/o window,,mixed,,,2
298,101,SCENES,20230208,Niloufar Tabandeh,298,Full setup,,1015,1015_20230621T1100,20230621,1100,Timelapse,NT,,0,0,1,1,1,1,1,1,1,Ottawa-CA,45.44944444444444,-75.62194444444444,120SE,100,2,0,106,22.2,41.6,Partially cloudy,,No wind,office,,Indoor w/o window,,mixed,,,2
299,101,SCENES,20230208,Niloufar Tabandeh,299,Full setup,,1015,1015_20230621T1130,20230621,1130,Timelapse,NT,,0,0,1,1,1,1,1,1,1,Ottawa-CA,45.44944444444444,-75.62194444444444,120SE,100,2,0,106,22.2,41.9,Partially cloudy,,No wind,office,,Indoor w/o window,,mixed,,,2
300,101,SCENES,20230208,Niloufar Tabandeh,300,Full setup,,1015,1015_20230621T1200,20230621,1200,Timelapse,NT,,0,0,1,1,1,1,1,1,1,Ottawa-CA,45.44944444444444,-75.62194444444444,120SE,100,2,0,106,22.4,41.8,Partially cloudy,,No wind,office,,Indoor w/o window,,mixed,,,2
301,101,SCENES,20230208,Niloufar Tabandeh,301,Full setup,,1015,1015_20230621T1230,20230621,1230,Timelapse,NT,,0,0,1,1,1,1,1,1,1,Ottawa-CA,45.44944444444444,-75.62194444444444,120SE,100,2,0,106,22.8,39.8,Partially cloudy,,No wind,office,,Indoor w/o window,,mixed,,,2
302,101,SCENES,20230208,Niloufar Tabandeh,302,Full setup,,1015,1015_20230621T1300,20230621,1300,Timelapse,NT,,0,0,1,1,1,1,1,1,1,Ottawa-CA,45.44944444444444,-75.62194444444444,120SE,100,2,0,106,23.4,38.8,Partially cloudy,,No wind,office,,Indoor w/o window,,mixed,,,2
303,101,SCENES,20230208,Niloufar Tabandeh,303,Full setup,,1015,1015_20230621T1330,20230621,1330,Timelapse,NT,,0,0,1,1,1,1,1,1,1,Ottawa-CA,45.44944444444444,-75.62194444444444,120SE,100,2,0,106,24.8,36.9,Partially cloudy,,No wind,office,,Indoor w/o window,,mixed,,,2
304,101,SCENES,20230208,Niloufar Tabandeh,304,Full setup,,1015,1015_20230621T1400,20230621,1400,Timelapse,NT,,0,0,1,1,1,1,1,1,1,Ottawa-CA,45.44944444444444,-75.62194444444444,120SE,100,2,0,106,24.5,37.2,Partially cloudy,,No wind,office,,Indoor w/o window,,mixed,,,2
305,101,SCENES,20230208,Niloufar Tabandeh,305,Full setup,,1015,1015_20230621T1430,20230621,1430,Timelapse,NT,,0,0,1,1,1,1,1,1,1,Ottawa-CA,45.44944444444444,-75.62194444444444,120SE,100,2,0,106,24.1,37.3,Partially cloudy,,No wind,office,,Indoor w/o window,,mixed,,,2
306,101,SCENES,20230208,Niloufar Tabandeh,306,Full setup,,1015,1015_20230621T1500,20230621,1500,Timelapse,NT,,0,0,1,1,1,1,1,1,1,Ottawa-CA,45.44944444444444,-75.62194444444444,120SE,100,2,0,106,25.1,36.3,Partially cloudy,,No wind,office,,Indoor w/o window,,mixed,,,2
307,101,SCENES,20230208,Niloufar Tabandeh,307,Full setup,,1015,1015_20230621T1530,20230621,1530,Timelapse,NT,,0,0,1,1,1,1,1,1,1,Ottawa-CA,45.44944444444444,-75.62194444444444,120SE,100,2,0,106,25,36.7,Partially cloudy,,No wind,office,,Indoor w/o window,,mixed,,,2
308,101,SCENES,20230208,Niloufar Tabandeh,308,Full setup,,1015,1015_20230621T1600,20230621,1600,Timelapse,NT,,0,0,1,1,1,1,1,1,1,Ottawa-CA,45.44944444444444,-75.62194444444444,120SE,100,2,0,106,25.6,34.8,Partially cloudy,,No wind,office,,Indoor w/o window,,mixed,,,2
309,101,SCENES,20230208,Niloufar Tabandeh,309,Full setup,,1015,1015_20230621T1630,20230621,1630,Timelapse,NT,,0,0,1,1,1,1,1,1,1,Ottawa-CA,45.44944444444444,-75.62194444444444,120SE,100,2,0,106,25.9,35.7,Partially cloudy,,No wind,office,,Indoor w/o window,,mixed,,,2
310,101,SCENES,20230208,Niloufar Tabandeh,310,Full setup,,1015,1015_20230621T1700,20230621,1700,Timelapse,NT,,0,0,1,1,1,1,1,1,1,Ottawa-CA,45.44944444444444,-75.62194444444444,120SE,100,2,0,106,26.3,36.6,Partially cloudy,,No wind,office,,Indoor w/o window,,mixed,,,2
311,101,SCENES,20230208,Niloufar Tabandeh,311,Full setup,,1016,1016_20230622T1200,20230622,1200,Timelapse,NT,,0,0,1,1,1,1,1,1,1,Ottawa-CA,45.448611111111106,-75.6211111111111,357N,100,0,0,130,26.8,42.8,Clear,,No wind,countryside,,Outdoor,,daylight,,,2
312,101,SCENES,20230208,Niloufar Tabandeh,312,Full setup,,1016,1016_20230622T1230,20230622,1230,Timelapse,NT,,0,0,1,1,1,1,1,1,1,Ottawa-CA,45.448611111111106,-75.6211111111111,357N,100,0,0,130,27.2,45,Clear,,No wind,countryside,,Outdoor,,daylight,,,2
313,101,SCENES,20230208,Niloufar Tabandeh,313,Full setup,,1016,1016_20230622T1300,20230622,1300,Timelapse,NT,,0,0,1,1,1,1,1,1,1,Ottawa-CA,45.448611111111106,-75.6211111111111,357N,100,0,0,130,28,41.1,Clear,,Windy,countryside,,Outdoor,,daylight,,,2
314,101,SCENES,20230208,Niloufar Tabandeh,314,Full setup,,1016,1016_20230622T1330,20230622,1330,Timelapse,NT,,0,0,1,1,1,1,1,1,1,Ottawa-CA,45.448611111111106,-75.6211111111111,357N,100,0,0,130,29.1,37.5,Clear,,No wind,countryside,,Outdoor,,daylight,,,2
315,101,SCENES,20230208,Niloufar Tabandeh,315,Full setup,,1016,1016_20230622T1400,20230622,1400,Timelapse,NT,,0,0,1,1,1,1,1,1,1,Ottawa-CA,45.448611111111106,-75.6211111111111,357N,100,0,0,130,30,35.6,Clear,,Windy,countryside,,Outdoor,,daylight,,,2
316,101,SCENES,20230208,Niloufar Tabandeh,316,Full setup,,1016,1016_20230622T1430,20230622,1430,Timelapse,NT,,0,0,1,1,1,1,1,1,1,Ottawa-CA,45.448611111111106,-75.6211111111111,357N,100,0,0,130,30.7,33.8,Clear,,Windy,countryside,,Outdoor,,daylight,,,2
317,101,SCENES,20230208,Niloufar Tabandeh,317,Full setup,,1016,1016_20230622T1500,20230622,1500,Timelapse,NT,,0,0,1,1,1,1,1,1,1,Ottawa-CA,45.448611111111106,-75.6211111111111,357N,100,0,0,130,30.4,33.2,Clear,,No wind,countryside,,Outdoor,,daylight,,,2
318,101,SCENES,20230208,Niloufar Tabandeh,318,Full setup,,1016,1016_20230622T1530,20230622,1530,Timelapse,NT,,0,0,1,1,1,1,1,1,1,Ottawa-CA,45.448611111111106,-75.6211111111111,357N,100,0,0,130,30.8,32.3,Clear,,No wind,countryside,,Outdoor,,daylight,,,2
319,101,SCENES,20230208,Niloufar Tabandeh,319,Full setup,,1016,1016_20230622T1600,20230622,1600,Timelapse,NT,,0,0,1,1,1,1,1,1,1,Ottawa-CA,45.448611111111106,-75.6211111111111,357N,100,0,0,130,30.8,34,Clear,,No wind,countryside,,Outdoor,,daylight,,,2
320,101,SCENES,20230208,Niloufar Tabandeh,320,Full setup,,1016,1016_20230622T1630,20230622,1630,Timelapse,NT,,0,0,1,1,1,1,1,1,1,Ottawa-CA,45.448611111111106,-75.6211111111111,357N,100,0,0,130,30.9,32.8,Clear,,No wind,countryside,,Outdoor,,daylight,,,2
321,101,SCENES,20230208,Niloufar Tabandeh,321,Full setup,,1016,1016_20230622T1700,20230622,1700,Timelapse,NT,,0,0,1,1,1,1,1,1,1,Ottawa-CA,45.448611111111106,-75.6211111111111,357N,100,0,0,130,30.4,33.9,Clear,,No wind,countryside,,Outdoor,,daylight,,,2
322,101,SCENES,20230208,Niloufar Tabandeh,322,Full setup,,1016,1016_20230622T1730,20230622,1730,Timelapse,NT,,0,0,1,1,1,1,1,1,1,Ottawa-CA,45.448611111111106,-75.6211111111111,357N,100,0,0,130,31.1,31.3,Clear,,No wind,countryside,,Outdoor,,daylight,,,2
323,101,SCENES,20230208,Niloufar Tabandeh,323,Full setup,,1016,1016_20230622T1800,20230622,1800,Timelapse,NT,,0,0,1,1,1,1,1,1,1,Ottawa-CA,45.448611111111106,-75.6211111111111,357N,100,0,0,130,29.7,33.6,Clear,,No wind,countryside,,Outdoor,,daylight,,,2
324,101,SCENES,20230208,Niloufar Tabandeh,324,Full setup,,1016,1016_20230622T1830,20230622,1830,Timelapse,NT,,0,0,1,1,1,1,1,1,1,Ottawa-CA,45.448611111111106,-75.6211111111111,357N,100,0,0,130,29.5,32.7,Clear,,No wind,countryside,,Outdoor,,daylight,,,2
325,101,SCENES,20230208,Niloufar Tabandeh,325,Full setup,,1016,1016_20230622T1900,20230622,1900,Timelapse,NT,,0,0,1,1,1,1,1,1,1,Ottawa-CA,45.448611111111106,-75.6211111111111,357N,100,0,0,130,29,33.1,Clear,,No wind,countryside,,Outdoor,,daylight,,,2
326,101,SCENES,20230208,Niloufar Tabandeh,326,Full setup,,1016,1016_20230622T1930,20230622,1930,Timelapse,NT,,0,0,1,1,1,1,1,1,1,Ottawa-CA,45.448611111111106,-75.6211111111111,357N,100,0,0,130,29.1,34.7,Clear,,No wind,countryside,,Outdoor,,daylight,,,2
327,101,SCENES,20230208,Niloufar Tabandeh,327,Full setup,,1016,1016_20230622T2000,20230622,2000,Timelapse,NT,,0,0,1,1,1,1,1,1,1,Ottawa-CA,45.448611111111106,-75.6211111111111,357N,100,0,0,130,27.7,38.6,Clear,,No wind,countryside,,Outdoor,,daylight,,,2
328,101,SCENES,20230208,Niloufar Tabandeh,328,Full setup,,1016,1016_20230622T2030,20230622,2030,Timelapse,NT,,0,0,1,1,1,1,1,1,1,Ottawa-CA,45.448611111111106,-75.6211111111111,357N,100,0,0,130,27,43.1,Clear,,No wind,countryside,,Outdoor,,daylight,,,2
329,101,SCENES,20230208,Niloufar Tabandeh,329,Full setup,,1016,1016_20230622T2100,20230622,2100,Timelapse,NT,,0,0,1,1,1,1,1,1,1,Ottawa-CA,45.448611111111106,-75.6211111111111,357N,100,0,0,130,26.7,43.2,Clear,,No wind,countryside,,Outdoor,,daylight,,measurements taken at 2050,2
330,101,SCENES,20230208,Niloufar Tabandeh,330,Full setup,,1016,1016_20230622T2130,20230622,2130,Timelapse,NT,,0,0,1,1,1,1,1,1,1,Ottawa-CA,45.448611111111106,-75.6211111111111,357N,100,0,0,130,24.4,45,Clear,,No wind,countryside,,Outdoor,,mixed,,,2
331,101,SCENES,20230208,Niloufar Tabandeh,331,Full setup,,1017,1017_20230623T1200,20230623,1200,Timelapse,NT,,0,0,1,1,1,1,1,1,1,Ottawa-CA,45.448611111111106,-75.62138888888889,69E,100,0,0,130,30,38,Partially cloudy,,No wind,countryside,,Outdoor,,daylight,,,2
332,101,SCENES,20230208,Niloufar Tabandeh,332,Full setup,,1017,1017_20230623T1230,20230623,1230,Timelapse,NT,,0,0,1,1,1,1,1,1,0,Ottawa-CA,45.448611111111106,-75.62138888888889,69E,100,0,0,130,30.5,37.5,Partially cloudy,,No wind,countryside,,Outdoor,,daylight,,,1
333,101,SCENES,20230208,Niloufar Tabandeh,333,Full setup,,1017,1017_20230623T1300,20230623,1300,Timelapse,NT,,0,0,1,1,1,1,1,1,1,Ottawa-CA,45.448611111111106,-75.62138888888889,69E,100,0,0,130,30.1,37.9,Partially cloudy,,No wind,countryside,,Outdoor,,daylight,,,2
334,101,SCENES,20230208,Niloufar Tabandeh,334,Full setup,,1017,1017_20230623T1330,20230623,1330,Timelapse,NT,,0,0,1,1,1,1,1,1,1,Ottawa-CA,45.448611111111106,-75.62138888888889,69E,100,0,0,130,30.9,36.9,Partially cloudy,,No wind,countryside,,Outdoor,,daylight,,,2
335,101,SCENES,20230208,Niloufar Tabandeh,335,Full setup,,1017,1017_20230623T1400,20230623,1400,Timelapse,NT,,0,0,1,1,1,1,1,1,1,Ottawa-CA,45.448611111111106,-75.62138888888889,69E,100,0,0,130,30.8,35.8,Partially cloudy,,No wind,countryside,,Outdoor,,daylight,,,2
336,101,SCENES,20230208,Niloufar Tabandeh,336,Full setup,,1017,1017_20230623T1430,20230623,1430,Timelapse,NT,,0,0,1,1,1,1,1,1,1,Ottawa-CA,45.448611111111106,-75.62138888888889,69E,100,0,0,130,31.7,35.6,Partially cloudy,,No wind,countryside,,Outdoor,,daylight,,,2
337,101,SCENES,20230208,Niloufar Tabandeh,337,Full setup,,1017,1017_20230623T1500,20230623,1500,Timelapse,NT,,0,0,1,1,1,1,1,1,1,Ottawa-CA,45.448611111111106,-75.62138888888889,69E,100,0,0,130,29.9,38.4,Partially cloudy,,No wind,countryside,,Outdoor,,daylight,,,2
338,101,SCENES,20230208,Niloufar Tabandeh,338,Full setup,,1017,1017_20230623T1530,20230623,1530,Timelapse,NT,,0,0,1,1,1,1,1,1,1,Ottawa-CA,45.448611111111106,-75.62138888888889,69E,100,0,0,130,31.6,35,Partially cloudy,,No wind,countryside,,Outdoor,,daylight,,,2
339,101,SCENES,20230208,Niloufar Tabandeh,339,Full setup,,1017,1017_20230623T1600,20230623,1600,Timelapse,NT,,0,0,1,1,1,1,1,1,1,Ottawa-CA,45.448611111111106,-75.62138888888889,69E,100,0,0,130,31.7,34.9,Partially cloudy,,No wind,countryside,,Outdoor,,daylight,,,2
340,101,SCENES,20230208,Niloufar Tabandeh,340,Full setup,,1017,1017_20230623T1630,20230623,1630,Timelapse,NT,,0,0,1,1,1,1,1,1,1,Ottawa-CA,45.448611111111106,-75.62138888888889,69E,100,0,0,130,32.6,34.5,Cloudy,,No wind,countryside,,Outdoor,,daylight,,,2
341,101,SCENES,20230208,Niloufar Tabandeh,341,Full setup,,1017,1017_20230623T1700,20230623,1700,Timelapse,NT,,0,0,1,1,1,1,1,1,1,Ottawa-CA,45.448611111111106,-75.62138888888889,69E,100,0,0,130,30.1,36.9,Cloudy,,No wind,countryside,,Outdoor,,daylight,,,2
342,101,SCENES,20230208,Niloufar Tabandeh,342,Full setup,,1017,1017_20230623T1730,20230623,1730,Timelapse,NT,,0,0,1,1,1,1,1,1,1,Ottawa-CA,45.448611111111106,-75.62138888888889,69E,100,0,0,130,29.8,37,Cloudy,,Windy,countryside,,Outdoor,,daylight,,,2
343,101,SCENES,20230208,Niloufar Tabandeh,343,Full setup,,1017,1017_20230623T1800,20230623,1800,Timelapse,NT,,0,0,1,1,1,1,1,1,1,Ottawa-CA,45.448611111111106,-75.62138888888889,69E,100,0,0,130,29.9,39.3,Partially cloudy,,No wind,countryside,,Outdoor,,daylight,,,2
344,101,SCENES,20230208,Niloufar Tabandeh,344,Full setup,,1017,1017_20230623T1830,20230623,1830,Timelapse,NT,,0,0,1,1,1,1,1,1,1,Ottawa-CA,45.448611111111106,-75.62138888888889,69E,100,0,0,130,28.2,49.6,Cloudy,,No wind,countryside,,Outdoor,,daylight,,,2
345,101,SCENES,20230208,Niloufar Tabandeh,345,Full setup,,1017,1017_20230623T1900,20230623,1900,Timelapse,NT,,0,0,1,1,1,1,1,1,1,Ottawa-CA,45.448611111111106,-75.62138888888889,69E,100,0,0,130,27.7,50.7,Cloudy,,No wind,countryside,,Outdoor,,daylight,,,2
346,101,SCENES,20230208,Niloufar Tabandeh,346,Full setup,,1017,1017_20230623T1930,20230623,1930,Timelapse,NT,,0,0,1,1,1,1,1,1,1,Ottawa-CA,45.448611111111106,-75.62138888888889,69E,100,0,0,130,27.7,50.1,Cloudy,,No wind,countryside,,Outdoor,,daylight,,,2
347,101,SCENES,20230208,Niloufar Tabandeh,347,Full setup,,1017,1017_20230623T2000,20230623,2000,Timelapse,NT,,0,0,1,1,1,1,1,1,1,Ottawa-CA,45.448611111111106,-75.62138888888889,69E,100,0,0,130,27.4,51.7,Cloudy,,No wind,countryside,,Outdoor,,daylight,,,2
348,101,SCENES,20230208,Niloufar Tabandeh,348,Full setup,,1017,1017_20230623T2030,20230623,2030,Timelapse,NT,,0,0,1,1,1,1,1,1,1,Ottawa-CA,45.448611111111106,-75.62138888888889,69E,100,0,0,130,26.8,52.9,Cloudy,,No wind,countryside,,Outdoor,,daylight,,,2
349,101,SCENES,20230208,Niloufar Tabandeh,349,Full setup,,1017,1017_20230623T2100,20230623,2100,Timelapse,NT,,0,0,1,1,1,1,1,1,1,Ottawa-CA,45.448611111111106,-75.62138888888889,69E,100,0,0,130,26.2,56.6,Cloudy,,No wind,countryside,,Outdoor,,mixed,,,2
350,101,SCENES,20230208,Niloufar Tabandeh,350,Full setup,,1018,1018_20230626T0830,20230626,830,Timelapse,NT,,0,0,1,1,1,1,1,1,1,Ottawa-CA,45.44944444444444,-75.62194444444444,289W,100,2,0,114,25,38.9,Cloudy,,No wind,office,,Indoor w/o window,,daylight,,wildfiresmoke,2
351,101,SCENES,20230208,Niloufar Tabandeh,351,Full setup,,1018,1018_20230626T0900,20230626,900,Timelapse,NT,,0,0,1,1,1,1,1,1,1,Ottawa-CA,45.44944444444444,-75.62194444444444,289W,100,2,0,114,24.4,44.4,Cloudy,,No wind,office,,Indoor w/o window,,daylight,,wildfiresmoke,2
352,101,SCENES,20230208,Niloufar Tabandeh,352,Full setup,,1018,1018_20230626T0930,20230626,930,Timelapse,NT,,0,0,1,1,1,1,1,1,1,Ottawa-CA,45.44944444444444,-75.62194444444444,289W,100,2,0,114,22.5,42.6,Cloudy,,No wind,office,,Indoor w/o window,,daylight,,wildfiresmoke,2
353,101,SCENES,20230208,Niloufar Tabandeh,353,Full setup,,1018,1018_20230626T1000,20230626,1000,Timelapse,NT,,0,0,1,1,1,1,1,1,1,Ottawa-CA,45.44944444444444,-75.62194444444444,289W,100,2,0,114,22.6,42.2,Cloudy,,No wind,office,,Indoor w/o window,,daylight,,wildfiresmoke,2
354,101,SCENES,20230208,Niloufar Tabandeh,354,Full setup,,1018,1018_20230626T1030,20230626,1030,Timelapse,NT,,0,0,1,1,1,1,1,1,1,Ottawa-CA,45.44944444444444,-75.62194444444444,289W,100,2,0,114,22.7,42.1,Cloudy,,No wind,office,,Indoor w/o window,,daylight,,wildfiresmoke,2
355,101,SCENES,20230208,Niloufar Tabandeh,355,Full setup,,1018,1018_20230626T1100,20230626,1100,Timelapse,NT,,0,0,1,1,1,1,1,1,1,Ottawa-CA,45.44944444444444,-75.62194444444444,289W,100,2,0,114,22.5,42.8,Cloudy,,No wind,office,,Indoor w/o window,,daylight,,wildfiresmoke,2
356,101,SCENES,20230208,Niloufar Tabandeh,356,Full setup,,1018,1018_20230626T1130,20230626,1130,Timelapse,NT,,0,0,1,1,1,1,1,1,1,Ottawa-CA,45.44944444444444,-75.62194444444444,289W,100,2,0,114,22.5,42.8,Cloudy,,No wind,office,,Indoor w/o window,,daylight,,wildfiresmoke,2
357,101,SCENES,20230208,Niloufar Tabandeh,357,Full setup,,1018,1018_20230626T1200,20230626,1200,Timelapse,NT,,0,0,1,1,1,1,1,1,1,Ottawa-CA,45.44944444444444,-75.62194444444444,289W,100,2,0,114,22.5,43.2,Cloudy,,No wind,office,,Indoor w/o window,,daylight,,wildfiresmoke,2
358,101,SCENES,20230208,Niloufar Tabandeh,358,Full setup,,1018,1018_20230626T1230,20230626,1230,Timelapse,NT,,0,0,1,1,1,1,1,1,1,Ottawa-CA,45.44944444444444,-75.62194444444444,289W,100,2,0,114,22.5,43.3,Cloudy,,No wind,office,,Indoor w/o window,,daylight,,wildfiresmoke,2
359,101,SCENES,20230208,Niloufar Tabandeh,359,Full setup,,1018,1018_20230626T1300,20230626,1300,Timelapse,NT,,0,0,1,1,1,1,1,1,1,Ottawa-CA,45.44944444444444,-75.62194444444444,289W,100,2,0,114,22.5,44.1,Cloudy,,No wind,office,,Indoor w/o window,,daylight,,wildfiresmoke,2
360,101,SCENES,20230208,Niloufar Tabandeh,360,Full setup,,1018,1018_20230626T1330,20230626,1330,Timelapse,NT,,0,0,1,1,1,1,1,1,1,Ottawa-CA,45.44944444444444,-75.62194444444444,289W,100,2,0,114,22.6,44,Cloudy,,No wind,office,,Indoor w/o window,,daylight,,wildfiresmoke,2
361,101,SCENES,20230208,Niloufar Tabandeh,361,Full setup,,1018,1018_20230626T1400,20230626,1400,Timelapse,NT,,0,0,1,1,1,1,1,1,1,Ottawa-CA,45.44944444444444,-75.62194444444444,289W,100,2,0,114,22.6,44.5,Cloudy,,No wind,office,,Indoor w/o window,,daylight,,,2
362,101,SCENES,20230208,Niloufar Tabandeh,362,Full setup,,1018,1018_20230626T1430,20230626,1430,Timelapse,NT,,0,0,1,1,1,1,1,1,1,Ottawa-CA,45.44944444444444,-75.62194444444444,289W,100,2,0,114,22.7,44.9,Cloudy,,No wind,office,,Indoor w/o window,,daylight,,,2
363,101,SCENES,20230208,Niloufar Tabandeh,363,Full setup,,1018,1018_20230626T1500,20230626,1500,Timelapse,NT,,0,0,1,1,1,1,1,1,1,Ottawa-CA,45.44944444444444,-75.62194444444444,289W,100,2,0,114,22.7,44.8,Rainy,,No wind,office,,Indoor w/o window,,daylight,,,2
364,101,SCENES,20230208,Niloufar Tabandeh,364,Full setup,,1018,1018_20230626T1530,20230626,1530,Timelapse,NT,,0,0,1,1,1,1,1,1,1,Ottawa-CA,45.44944444444444,-75.62194444444444,289W,100,2,0,114,22.7,44.6,Rainy,,No wind,office,,Indoor w/o window,,mixed,,,2
365,101,SCENES,20230208,Niloufar Tabandeh,365,Full setup,,1018,1018_20230626T1600,20230626,1600,Timelapse,NT,,0,0,1,1,1,1,1,1,1,Ottawa-CA,45.44944444444444,-75.62194444444444,289W,100,2,0,114,22.7,45.7,Rainy,,No wind,office,,Indoor w/o window,,mixed,,,2
366,101,SCENES,20230208,Niloufar Tabandeh,366,Full setup,,1018,1018_20230626T1630,20230626,1630,Timelapse,NT,,0,0,1,1,1,1,1,1,1,Ottawa-CA,45.44944444444444,-75.62194444444444,289W,100,2,0,114,22.8,44.5,Overcast,,No wind,office,,Indoor w/o window,,mixed,,,2
367,101,SCENES,20230208,Niloufar Tabandeh,367,Full setup,,1018,1018_20230626T1700,20230626,1700,Timelapse,NT,,0,0,1,1,1,1,1,1,1,Ottawa-CA,45.44944444444444,-75.62194444444444,289W,100,2,0,114,22.8,44.8,Overcast,,No wind,office,,Indoor w/o window,,mixed,,,2
368,101,SCENES,20230208,Niloufar Tabandeh,368,Full setup,,1019,1019_20230802T1330,20230802,1330,Trajectory,NT,,0,0,1,1,1,1,1,1,1,Munich-DE,48.17972222222222,11.546388888888888,9N,510,2,0,127,23.1,58.1,Partially cloudy,,No wind,conference room,,Indoor w/ window,,mixed,,,2
369,101,SCENES,20230208,Niloufar Tabandeh,369,Full setup,,1019,1019_20230802T1400,20230802,1400,Trajectory,NT,,0,0,0,1,1,1,1,1,1,Munich-DE,48.17972222222222,11.546388888888888,163S,510,2,0,120,23.1,59.1,Partially cloudy,,No wind,conference room,,Indoor w/ window,,mixed,,,1
370,101,SCENES,20230208,Niloufar Tabandeh,370,Full setup,,1019,1019_20230802T1430,20230802,1430,Trajectory,NT,,0,0,1,1,1,1,1,1,1,Munich-DE,48.17972222222222,11.546388888888888,279W,510,2,0,120,23,57.3,Partially cloudy,,No wind,corridor,,Indoor w/ window,,mixed,,,2
371,101,SCENES,20230208,Niloufar Tabandeh,371,Full setup,,1019,1019_20230802T1500,20230802,1500,Trajectory,NT,,0,0,1,1,1,1,1,1,1,Munich-DE,48.180277777777775,11.544444444444444,354W,510,2,0,120,24.4,57.5,Partially cloudy,,No wind,open field,,Outdoor,,daylight,,,2
372,101,SCENES,20230208,Niloufar Tabandeh,372,Full setup,,1019,1019_20230802T1530,20230802,1530,Trajectory,NT,,0,0,1,1,1,1,1,1,1,Munich-DE,48.180277777777775,11.544444444444444,354W,510,2,0,120,25.2,51.4,Partially cloudy,,No wind,open field,,Outdoor,,daylight,,,2
373,101,SCENES,20230208,Niloufar Tabandeh,373,Full setup,,1019,1019_20230802T1600,20230802,1600,Trajectory,NT,,0,0,1,1,1,1,1,1,1,Munich-DE,48.180277777777775,11.544444444444444,354W,510,2,0,120,27.3,47,Partially cloudy,,No wind,open field,,Outdoor,,daylight,,,2
374,101,SCENES,20230208,Niloufar Tabandeh,374,Full setup,,1019,1019_20230802T1630,20230802,1630,Trajectory,NT,,0,0,1,1,1,1,1,1,1,Munich-DE,48.180277777777775,11.544444444444444,354W,510,2,0,120,27.1,46.1,Partially cloudy,,No wind,open field,,Outdoor,,daylight,,,2
375,101,SCENES,20230208,Niloufar Tabandeh,375,Full setup,,1019,1019_20230802T1700,20230802,1700,Trajectory,NT,,0,0,1,1,1,1,1,1,1,Munich-DE,48.180277777777775,11.544444444444444,354W,510,2,0,120,28,46,Partially cloudy,,No wind,open field,,Outdoor,,daylight,,,2
376,101,SCENES,20230208,Niloufar Tabandeh,376,Full setup,,1019,1019_20230802T1730,20230802,1730,Trajectory,NT,,0,0,1,1,1,1,1,1,1,Munich-DE,48.180277777777775,11.544444444444444,354W,510,2,0,120,28,44.6,Partially cloudy,,No wind,open field,,Outdoor,,daylight,,,2
377,101,SCENES,20230208,Niloufar Tabandeh,377,Full setup,,1020,1020_20230803T1000,20230803,1000,Timelapse,NT,,0,0,1,1,1,1,1,1,1,Munich-DE,48.17972222222222,11.546388888888888,10N,510,2,0,120,23,49,Clear,,Windy,conference room,,Indoor w/ window,,mixed,,,2
378,101,SCENES,20230208,Niloufar Tabandeh,378,Full setup,,1020,1020_20230803T1030,20230803,1030,Timelapse,NT,,0,0,1,1,1,1,1,1,1,Munich-DE,48.17972222222222,11.546388888888888,10N,510,2,0,120,23.3,50.5,Partially cloudy,,No wind,conference room,,Indoor w/ window,,mixed,,,2
379,101,SCENES,20230208,Niloufar Tabandeh,379,Full setup,,1020,1020_20230803T1100,20230803,1100,Timelapse,NT,,0,0,1,1,1,1,1,1,1,Munich-DE,48.17972222222222,11.546388888888888,10N,510,2,0,120,23.9,50.3,Partially cloudy,,No wind,conference room,,Indoor w/ window,,mixed,,,2
380,101,SCENES,20230208,Niloufar Tabandeh,380,Full setup,,1020,1020_20230803T1130,20230803,1130,Timelapse,NT,,0,0,1,1,1,1,1,1,1,Munich-DE,48.17972222222222,11.546388888888888,10N,510,2,0,120,23.9,47.6,Partially cloudy,,No wind,conference room,,Indoor w/ window,,mixed,,,2
381,101,SCENES,20230208,Niloufar Tabandeh,381,Full setup,,1020,1020_20230803T1200,20230803,1200,Timelapse,NT,,0,0,1,1,1,1,1,1,1,Munich-DE,48.17972222222222,11.546388888888888,10N,510,2,0,120,24.4,46.9,Partially cloudy,,No wind,conference room,,Indoor w/ window,,mixed,,,2
382,101,SCENES,20230208,Niloufar Tabandeh,382,Full setup,,1020,1020_20230803T1230,20230803,1230,Timelapse,NT,,0,0,1,1,1,1,1,1,1,Munich-DE,48.17972222222222,11.546388888888888,10N,510,2,0,120,24.2,44.8,Partially cloudy,,No wind,conference room,,Indoor w/ window,,mixed,,,2
383,101,SCENES,20230208,Niloufar Tabandeh,383,Full setup,,1020,1020_20230803T1300,20230803,1300,Timelapse,NT,,0,0,1,1,1,1,1,1,1,Munich-DE,48.17972222222222,11.546388888888888,10N,510,2,0,120,23.9,45,Partially cloudy,,No wind,conference room,,Indoor w/ window,,mixed,,,2
384,101,SCENES,20230208,Niloufar Tabandeh,384,Full setup,,1020,1020_20230803T1330,20230803,1330,Timelapse,NT,,0,0,1,1,1,1,1,1,1,Munich-DE,48.17972222222222,11.546388888888888,10N,510,2,0,120,24.3,46.3,Partially cloudy,,No wind,conference room,,Indoor w/ window,,mixed,,,2
385,101,SCENES,20230208,Niloufar Tabandeh,385,Full setup,,1020,1020_20230803T1400,20230803,1400,Timelapse,NT,,0,0,1,1,1,1,1,1,1,Munich-DE,48.17972222222222,11.546388888888888,10N,510,2,0,120,24.9,45.9,Partially cloudy,,No wind,conference room,,Indoor w/ window,,mixed,,,2
386,101,SCENES,20230208,Niloufar Tabandeh,386,Full setup,,1020,1020_20230803T1430,20230803,1430,Timelapse,NT,,0,0,1,1,1,1,1,1,1,Munich-DE,48.17972222222222,11.546388888888888,10N,510,2,0,120,24.6,45.1,Partially cloudy,,No wind,conference room,,Indoor w/ window,,mixed,,,2
387,101,SCENES,20230208,Niloufar Tabandeh,387,Full setup,,1020,1020_20230803T1500,20230803,1500,Timelapse,NT,,0,0,1,1,1,1,1,1,1,Munich-DE,48.17972222222222,11.546388888888888,10N,510,2,0,120,24.8,41.9,Partially cloudy,,No wind,conference room,,Indoor w/ window,,mixed,,,2
388,101,SCENES,20230208,Niloufar Tabandeh,388,Full setup,,1020,1020_20230803T1530,20230803,1530,Timelapse,NT,,0,0,1,1,1,1,1,1,1,Munich-DE,48.17972222222222,11.546388888888888,10N,510,2,0,120,24.8,42.2,Partially cloudy,,No wind,conference room,,Indoor w/ window,,mixed,,closed shade,2
389,101,SCENES,20230208,Niloufar Tabandeh,389,Full setup,,1020,1020_20230803T1600,20230803,1600,Timelapse,NT,,0,0,1,1,1,1,1,1,1,Munich-DE,48.17972222222222,11.546388888888888,10N,510,2,0,120,24.7,39.2,Partially cloudy,,No wind,conference room,,Indoor w/ window,,mixed,,,2
390,101,SCENES,20230208,Niloufar Tabandeh,390,Full setup,,1020,1020_20230803T1700,20230803,1700,Timelapse,NT,,0,0,1,1,1,1,1,1,1,Munich-DE,48.17972222222222,11.546388888888888,10N,510,2,0,120,24.5,42.9,Partially cloudy,,No wind,conference room,,Indoor w/ window,,mixed,,,2
391,101,SCENES,20230208,Niloufar Tabandeh,391,Compact setup,,1021,1021_20230917T0930,20230917,930,Trajectory,NT-CG,,0,1,0,0,0,0,1,1,1,Ljubljana-SI,46.055,14.502222222222223,62NE,300,2,0,120,18.3,39.3,Clear,,No wind,city,,Outdoor,,daylight,,,2
392,101,SCENES,20230208,Niloufar Tabandeh,392,Compact setup,,1021,1021_20230917T1000,20230917,1000,Trajectory,NT-CG,,0,1,0,0,0,0,1,1,1,Ljubljana-SI,46.05472222222222,14.501944444444444,284W,300,2,0,130,21.1,67.7,Clear,,No wind,corridor,,Indoor w/o window,,electriclight,,,2
393,101,SCENES,20230208,Niloufar Tabandeh,393,Compact setup,,1021,1021_20230917T1030,20230917,1030,Trajectory,NT-CG,,0,1,0,0,0,0,1,1,1,Ljubljana-SI,46.05472222222222,14.502777777777778,66NE,300,0,0,130,26.8,51.2,Clear,,No wind,park,,Outdoor,,daylight,,,2
394,101,SCENES,20230208,Niloufar Tabandeh,394,Compact setup,,1021,1021_20230917T1100,20230917,1100,Trajectory,NT-CG,,0,1,0,0,0,0,1,1,1,Ljubljana-SI,46.05611111111111,14.494166666666667,161S,320,0,0,130,23.5,72.6,Partially cloudy,,No wind,park,,Outdoor,,daylight,,,2
395,101,SCENES,20230208,Niloufar Tabandeh,395,Compact setup,,1021,1021_20230917T1130,20230917,1130,Trajectory,NT-CG,,0,1,0,0,0,0,1,1,1,Ljubljana-SI,46.06166666666666,14.493611111111111,140SE,360,0,0,130,21.5,74.4,Partially cloudy,,No wind,park,,Outdoor,,daylight,,,2
396,101,SCENES,20230208,Niloufar Tabandeh,396,Compact setup,,1021,1021_20230917T1200,20230917,1200,Trajectory,NT-CG,,0,1,0,0,0,0,1,1,1,Ljubljana-SI,46.05916666666666,14.483888888888888,355N,400,0,0,130,20.9,82.6,Partially cloudy,,No wind,forest,,Outdoor,,daylight,,,2
397,101,SCENES,20230208,Niloufar Tabandeh,397,Compact setup,,1021,1021_20230917T1230,20230917,1230,Trajectory,NT-CG,,0,1,0,0,0,0,1,1,1,Ljubljana-SI,46.05444444444444,14.476944444444445,38NE,390,0,0,130,26.9,64,Partially cloudy,,No wind,forest,,Outdoor,,daylight,,,2
398,101,SCENES,20230208,Niloufar Tabandeh,398,Compact setup,,1021,1021_20230917T1300,20230917,1300,Trajectory,NT-CG,,0,1,0,0,0,0,1,1,1,Ljubljana-SI,46.05166666666666,14.481666666666667,193S,400,0,0,130,24,66.5,Cloudy,,Windy,forest,,Outdoor,,daylight,,,2
399,101,SCENES,20230208,Niloufar Tabandeh,399,Compact setup,,1021,1021_20230917T1330,20230917,1330,Trajectory,NT-CG,,0,1,0,0,0,0,1,1,1,Ljubljana-SI,46.053888888888885,14.476666666666667,258W,390,0,0,130,24.1,67.7,Partially cloudy,,Windy,forest,,Outdoor,,daylight,,,2
400,101,SCENES,20230208,Niloufar Tabandeh,400,Compact setup,,1021,1021_20230917T1400,20230917,1400,Trajectory,NT-CG,,0,1,0,0,0,0,1,1,1,Ljubljana-SI,46.05555555555555,14.476944444444445,224SW,390,0,0,130,27.7,53.6,Partially cloudy,,Windy,forest,,Outdoor,,daylight,,,2
401,101,SCENES,20230208,Niloufar Tabandeh,401,Compact setup,,1021,1021_20230917T1430,20230917,1430,Trajectory,NT-CG,,0,1,0,0,0,0,1,1,1,Ljubljana-SI,46.059444444444445,14.469166666666666,311NW,360,0,0,130,25.7,57.1,Partially cloudy,,No wind,forest,,Outdoor,,daylight,,,2
402,101,SCENES,20230208,Niloufar Tabandeh,402,Compact setup,,1021,1021_20230917T1500,20230917,1500,Trajectory,NT-CG,,0,1,0,0,0,0,1,1,1,Ljubljana-SI,46.059999999999995,14.477777777777778,65NE,360,0,0,130,27.5,53,Partially cloudy,,Windy,forest,,Outdoor,,daylight,,,2
403,101,SCENES,20230208,Niloufar Tabandeh,403,Compact setup,,1021,1021_20230917T1530,20230917,1530,Trajectory,NT-CG,,0,1,0,0,0,0,1,1,1,Ljubljana-SI,46.053888888888885,14.493055555555555,147SE,390,0,0,130,26.6,58.6,Clear,,No wind,forest,,Outdoor,,daylight,,,2
404,101,SCENES,20230208,Niloufar Tabandeh,404,Compact setup,,1021,1021_20230917T1600,20230917,1600,Trajectory,NT-CG,,0,1,0,0,0,0,1,1,1,Ljubljana-SI,46.05777777777777,14.490555555555554,176S,330,0,0,130,25.2,58.9,Partially cloudy,,No wind,park,,Outdoor,,daylight,,,2
405,101,SCENES,20230208,Niloufar Tabandeh,405,Compact setup,,1021,1021_20230917T1630,20230917,1630,Trajectory,NT-CG,,0,1,0,0,0,0,1,1,1,Ljubljana-SI,46.05166666666666,14.49472222222222,20N,310,0,0,130,25.3,56,Partially cloudy,,Windy,park,,Outdoor,,daylight,,,2
406,101,SCENES,20230208,Niloufar Tabandeh,406,Compact setup,,1021,1021_20230917T1700,20230917,1700,Trajectory,NT-CG,,0,1,0,0,0,0,1,1,1,Ljubljana-SI,46.053888888888885,14.498333333333333,92E,300,0,0,130,30.2,44.2,Partially cloudy,,No wind,park,,Outdoor,,daylight,,,2
407,101,SCENES,20230208,Niloufar Tabandeh,407,Compact setup,,1021,1021_20230917T1730,20230917,1730,Trajectory,NT-CG,,0,1,0,0,0,0,1,1,1,Ljubljana-SI,46.05444444444444,14.503055555555555,32NE,300,0,0,130,25.7,57.6,Partially cloudy,,No wind,park,,Outdoor,,daylight,,,2
408,101,SCENES,20230208,Niloufar Tabandeh,408,Compact setup,,1021,1021_20230917T1800,20230917,1800,Trajectory,NT-CG,,0,1,0,0,0,0,1,1,1,Ljubljana-SI,46.05472222222222,14.501944444444444,292NW,300,2,0,130,24.1,62.9,Clear,,No wind,corridor,,Indoor w/o window,,electriclight,,,2
409,101,SCENES,20230208,Niloufar Tabandeh,409,Compact setup,,1021,1021_20230917T1830,20230917,1830,Trajectory,NT-CG,,0,1,0,0,0,0,1,1,1,Ljubljana-SI,46.055,14.501944444444444,4N,300,2,0,130,24.3,69.2,Clear,,No wind,living room,,Indoor w/ window,,mixed,,,2
410,101,SCENES,20230208,Niloufar Tabandeh,410,Compact setup,,1022,1022_20230921T1000,20230921,1000,Trajectory,NT-CG,,0,1,0,0,0,0,1,1,1,Ljubljana-SI,46.05472222222222,14.501944444444444,14N,300,2,0,130,23,67.4,Partially cloudy,,No wind,living room,,Indoor w/ window,,daylight,,,2
411,101,SCENES,20230208,Niloufar Tabandeh,411,Compact setup,,1022,1022_20230921T1030,20230921,1030,Trajectory,NT-CG,,0,1,0,0,0,0,1,1,1,Ljubljana-SI,46.055,14.501944444444444,273W,300,2,0,130,22.9,69.3,Partially cloudy,,No wind,bedroom,,Indoor w/ window,,daylight,,,2
412,101,SCENES,20230208,Niloufar Tabandeh,412,Compact setup,,1022,1022_20230921T1100,20230921,1100,Trajectory,NT-CG,,0,1,0,0,0,0,1,1,1,Ljubljana-SI,46.05472222222222,14.501666666666667,181S,300,2,0,130,22.5,69.1,Partially cloudy,,No wind,corridor,,Indoor w/o window,,daylight,,,2
413,101,SCENES,20230208,Niloufar Tabandeh,413,Compact setup,,1022,1022_20230921T1130,20230921,1130,Trajectory,NT-CG,,0,1,0,0,0,0,1,1,1,Ljubljana-SI,46.05361111111111,14.500833333333333,51NE,310,0,0,130,24.1,65.2,Partially cloudy,,No wind,city,,Outdoor,,daylight,,,2
414,101,SCENES,20230208,Niloufar Tabandeh,414,Compact setup,,1022,1022_20230921T1200,20230921,1200,Trajectory,NT-CG,,0,1,0,0,0,0,1,1,1,Ljubljana-SI,46.05,14.500277777777777,353N,310,0,0,130,26.5,56.9,Partially cloudy,,No wind,city,,Outdoor,,daylight,,People passing the scene,2
415,101,SCENES,20230208,Niloufar Tabandeh,415,Compact setup,,1022,1022_20230921T1230,20230921,1230,Trajectory,NT-CG,,0,1,0,0,0,0,1,1,1,Ljubljana-SI,46.04555555555555,14.509444444444444,34NE,300,0,0,130,26.2,59.3,Partially cloudy,,No wind,city,,Outdoor,,daylight,,,2
416,101,SCENES,20230208,Niloufar Tabandeh,416,Compact setup,,1022,1022_20230921T1300,20230921,1300,Trajectory,NT-CG,,0,1,0,0,0,0,1,1,1,Ljubljana-SI,46.04805555555556,14.508888888888889,324NW,370,0,0,130,22.8,68.6,Cloudy,,No wind,park,,Outdoor,,daylight,,People passing the scene,2
417,101,SCENES,20230208,Niloufar Tabandeh,417,Compact setup,,1022,1022_20230921T1330,20230921,1330,Trajectory,NT-CG,,0,1,0,0,0,0,1,1,1,Ljubljana-SI,46.04805555555556,14.509166666666667,157S,370,0,0,130,21.9,80,Drizzling,,No wind,park,,Outdoor,,daylight,,,2
418,101,SCENES,20230208,Niloufar Tabandeh,418,Compact setup,,1022,1022_20230921T1400,20230921,1400,Trajectory,NT-CG,,0,1,0,0,0,0,1,1,1,Ljubljana-SI,46.0475,14.510833333333334,52NE,360,0,0,130,20.5,74.1,Drizzling,,Windy,park,,Outdoor,,daylight,,,2
419,101,SCENES,20230208,Niloufar Tabandeh,419,Compact setup,,1022,1022_20230921T1430,20230921,1430,Trajectory,NT-CG,,0,1,0,0,0,0,1,1,1,Ljubljana-SI,46.0475,14.510833333333334,153SE,290,0,0,130,23.9,59,Cloudy,,Windy,water,,Outdoor,,daylight,,,2
420,101,SCENES,20230208,Niloufar Tabandeh,420,Compact setup,,1022,1022_20230921T1500,20230921,1500,Trajectory,NT-CG,,0,1,0,0,0,0,1,1,1,Ljubljana-SI,46.04222222222222,14.507777777777777,308NW,290,0,0,130,22.8,65.2,Cloudy,,Windy,water,,Outdoor,,daylight,,,2
421,101,SCENES,20230208,Niloufar Tabandeh,421,Compact setup,,1022,1022_20230921T1530,20230921,1530,Trajectory,NT-CG,,0,1,0,0,0,0,1,1,1,Ljubljana-SI,46.044999999999995,14.50361111111111,73E,300,0,0,130,23.7,60,Cloudy,,No wind,city,,Outdoor,,daylight,,,2
422,101,SCENES,20230208,Niloufar Tabandeh,422,Compact setup,,1022,1022_20230921T1600,20230921,1600,Trajectory,NT-CG,,0,1,0,0,0,0,1,1,1,Ljubljana-SI,46.046388888888885,14.498888888888889,180S,300,0,0,130,22.9,64.5,Cloudy,,No wind,city,,Outdoor,,daylight,,,2
423,101,SCENES,20230208,Niloufar Tabandeh,423,Compact setup,,1022,1022_20230921T1630,20230921,1630,Trajectory,NT-CG,,0,1,0,0,0,0,1,1,1,Ljubljana-SI,46.04472222222222,14.491388888888888,148SE,300,0,0,130,22.5,67.1,Cloudy,,No wind,city,,Outdoor,,daylight,, Car passing the scene,2
424,101,SCENES,20230208,Niloufar Tabandeh,424,Compact setup,,1022,1022_20230921T1700,20230921,1700,Trajectory,NT-CG,,0,1,0,0,0,0,1,1,1,Ljubljana-SI,46.04805555555556,14.5,168S,310,0,0,130,21.4,69.1,Cloudy,,Windy,city,,Outdoor,,daylight,,,2
425,101,SCENES,20230208,Niloufar Tabandeh,425,Compact setup,,1022,1022_20230921T1730,20230921,1730,Trajectory,NT-CG,,0,1,0,0,0,0,1,1,1,Ljubljana-SI,46.04805555555556,14.499444444444444,105E,300,0,0,130,21.6,69.8,Cloudy,,Windy,city,,Outdoor,,daylight,,,2
426,101,SCENES,20230208,Niloufar Tabandeh,426,Compact setup,,1022,1022_20230921T1800,20230921,1800,Trajectory,NT-CG,,0,1,0,0,0,0,1,1,1,Ljubljana-SI,46.04666666666667,14.50388888888889,109E,300,0,0,130,21.7,70,Cloudy,,No wind,city,,Outdoor,,daylight,,,2
427,101,SCENES,20230208,Niloufar Tabandeh,427,Compact setup,,1022,1022_20230921T1830,20230921,1830,Trajectory,NT-CG,,0,1,0,0,0,0,1,1,1,Ljubljana-SI,46.04416666666666,14.505555555555556,339N,290,0,0,130,21.3,69.2,Partially cloudy,,Windy,city,,Outdoor,,daylight,,,2
428,101,SCENES,20230208,Niloufar Tabandeh,428,Compact setup,,1022,1022_20230921T1900,20230921,1900,Trajectory,NT-CG,,0,1,0,0,0,0,1,1,1,Ljubljana-SI,46.05,14.500277777777777,194S,310,0,0,130,20.4,72.6,Clear,,Windy,city,,Outdoor,,daylight,,,2
429,101,SCENES,20230208,Niloufar Tabandeh,429,Compact setup,,1022,1022_20230921T1930,20230921,1930,Trajectory,NT-CG,,0,1,0,0,0,0,1,1,1,Ljubljana-SI,46.05027777777777,14.49611111111111,297NW,300,0,0,130,20.5,76.6,Clear,,Windy,road,,Outdoor,,mixed,,,2
430,101,SCENES,20230208,Niloufar Tabandeh,430,Compact setup,,1022,1022_20230921T2000,20230921,2000,Trajectory,NT-CG,,0,1,0,0,0,0,1,1,1,Ljubljana-SI,46.055,14.5025,177S,300,0,0,130,21.9,70,Clear,,No wind,park,,Outdoor,,mixed,,,2
431,101,SCENES,20230208,Niloufar Tabandeh,431,Compact setup,,1023,1023_20231014T1230,20231014,1230,Timelapse,AB,,0,1,0,0,0,0,1,1,1,Munich-DE,48.41138888888889,11.753055555555555,169S,480,5,0,92,22.5,53.1,Partially cloudy,,Windy,office,,Indoor w/ window,,daylight,,,2
432,101,SCENES,20230208,Niloufar Tabandeh,432,Compact setup,,1023,1023_20231014T1300,20231014,1300,Timelapse,AB,,0,1,0,0,0,0,1,1,1,Munich-DE,48.41138888888889,11.753055555555555,169S,480,5,0,92,22.2,51.9,Partially cloudy,,Windy,office,,Indoor w/ window,,daylight,,,2
433,101,SCENES,20230208,Niloufar Tabandeh,433,Compact setup,,1023,1023_20231014T1330,20231014,1330,Timelapse,AB,,0,1,0,0,0,0,1,1,1,Munich-DE,48.41138888888889,11.753055555555555,169S,480,5,0,92,22.8,50.2,Partially cloudy,,Windy,office,,Indoor w/ window,,daylight,,,2
434,101,SCENES,20230208,Niloufar Tabandeh,434,Compact setup,,1023,1023_20231014T1400,20231014,1400,Timelapse,AB,,0,1,0,0,0,0,1,1,1,Munich-DE,48.41138888888889,11.753055555555555,169S,480,5,0,92,23.4,48.1,Partially cloudy,,Windy,office,,Indoor w/ window,,daylight,,,2
435,101,SCENES,20230208,Niloufar Tabandeh,435,Compact setup,,1023,1023_20231014T1500,20231014,1500,Timelapse,AB,,0,1,0,0,0,0,1,1,1,Munich-DE,48.41138888888889,11.753055555555555,169S,480,5,0,92,22.2,52.4,Partially cloudy,,Windy,office,,Indoor w/ window,,daylight,,,2
436,101,SCENES,20230208,Niloufar Tabandeh,436,Compact setup,,1023,1023_20231014T1530,20231014,1530,Timelapse,AB,,0,1,0,0,0,0,1,1,1,Munich-DE,48.41138888888889,11.753055555555555,169S,480,5,0,92,22.1,53.8,Partially cloudy,,Windy,office,,Indoor w/ window,,daylight,,,2
437,101,SCENES,20230208,Niloufar Tabandeh,437,Compact setup,,1023,1023_20231014T1600,20231014,1600,Timelapse,AB,,0,1,0,0,0,0,1,1,1,Munich-DE,48.41138888888889,11.753055555555555,169S,480,5,0,92,22.5,54.1,Drizzling,,Windy,office,,Indoor w/ window,,daylight,,,2
438,101,SCENES,20230208,Niloufar Tabandeh,438,Compact setup,,1023,1023_20231014T1630,20231014,1630,Timelapse,AB,,0,1,0,0,0,0,1,1,1,Munich-DE,48.41138888888889,11.753055555555555,169S,480,5,0,92,22,57.4,Drizzling,,Windy,office,,Indoor w/ window,,mixed,,,2
439,101,SCENES,20230208,Niloufar Tabandeh,439,Compact setup,,1023,1023_20231014T1700,20231014,1700,Timelapse,AB,,0,1,0,0,0,0,1,1,1,Munich-DE,48.41138888888889,11.753055555555555,169S,480,5,0,92,21.9,57.4,Partially cloudy,,No wind,office,,Indoor w/ window,,daylight,,,2
440,101,SCENES,20230208,Niloufar Tabandeh,440,Compact setup,,1023,1023_20231014T1730,20231014,1730,Timelapse,AB,,0,1,0,0,0,0,1,1,1,Munich-DE,48.41138888888889,11.753055555555555,169S,480,5,0,92,21.5,58.5,Rainy,,No wind,office,,Indoor w/ window,,mixed,,,2
441,101,SCENES,20230208,Niloufar Tabandeh,441,Compact setup,,1023,1023_20231014T1800,20231014,1800,Timelapse,AB,,0,1,0,0,0,0,1,1,0,Munich-DE,48.41138888888889,11.753055555555555,169S,480,5,0,92,21.1,59.1,Drizzling,,No wind,office,,Indoor w/ window,,mixed,,,1
442,101,SCENES,20230208,Niloufar Tabandeh,442,Compact setup,,1023,1023_20231014T1830,20231014,1830,Timelapse,AB,,0,1,0,0,0,0,1,1,1,Munich-DE,48.41138888888889,11.753055555555555,169S,480,5,0,92,20.8,59.2,Rainy,,No wind,office,,Indoor w/ window,,mixed,,,2
443,101,SCENES,20230208,Niloufar Tabandeh,443,Compact setup,,1023,1023_20231014T1900,20231014,1900,Timelapse,AB,,0,1,0,0,0,0,1,1,1,Munich-DE,48.41138888888889,11.753055555555555,169S,480,5,0,92,20.7,58.6,Drizzling,,No wind,office,,Indoor w/ window,,mixed,,,2
444,101,SCENES,20230208,Niloufar Tabandeh,444,Compact setup,,1023,1023_20231014T1930,20231014,1930,Timelapse,AB,,0,1,0,0,0,0,1,1,1,Munich-DE,48.41138888888889,11.753055555555555,169S,480,5,0,92,20.5,58.7,Drizzling,,Windy,office,,Indoor w/ window,,mixed,,,2
445,101,SCENES,20230208,Niloufar Tabandeh,445,Compact setup,,1023,1023_20231014T2000,20231014,2000,Timelapse,AB,,0,1,0,0,0,0,1,1,1,Munich-DE,48.41138888888889,11.753055555555555,169S,480,5,0,92,20.5,58.7,Overcast,,No wind,office,,Indoor w/ window,,mixed,,Had to perform offset measure for Giga,2
446,101,SCENES,20230208,Niloufar Tabandeh,446,Full setup,,1024,1024_20231016T1200,20231016,1200,Timelapse,NT,,0,0,0,1,1,1,1,1,1,Prague-CZ,50.10444444444445,14.389444444444443,128SE,220,5,0,110,25.5,40,Partially cloudy,,No wind,office,,Indoor w/o window,,daylight,,,1
447,101,SCENES,20230208,Niloufar Tabandeh,447,Full setup,,1024,1024_20231016T1230,20231016,1230,Timelapse,NT,,1,0,0,1,1,1,1,1,1,Prague-CZ,50.10444444444445,14.389444444444443,128SE,220,5,0,110,25.7,39.7,Partially cloudy,,No wind,office,,Indoor w/o window,,daylight,,,2
448,101,SCENES,20230208,Niloufar Tabandeh,448,Full setup,,1024,1024_20231016T1300,20231016,1300,Timelapse,NT,,1,0,0,1,1,1,1,1,1,Prague-CZ,50.10444444444445,14.389444444444443,128SE,220,5,0,110,25.5,39.1,Partially cloudy,,No wind,office,,Indoor w/o window,,daylight,,,2
449,101,SCENES,20230208,Niloufar Tabandeh,449,Full setup,,1024,1024_20231016T1330,20231016,1330,Timelapse,NT,,1,0,0,1,1,1,1,1,1,Prague-CZ,50.10444444444445,14.389444444444443,128SE,220,5,0,110,25.7,40.8,Partially cloudy,,No wind,office,,Indoor w/o window,,daylight,,,2
450,101,SCENES,20230208,Niloufar Tabandeh,450,Full setup,,1024,1024_20231016T1400,20231016,1400,Timelapse,NT,,1,0,0,1,1,1,1,1,1,Prague-CZ,50.10444444444445,14.389444444444443,128SE,220,5,0,110,26.2,35,Partially cloudy,,No wind,office,,Indoor w/o window,,daylight,,,2
451,101,SCENES,20230208,Niloufar Tabandeh,451,Full setup,,1024,1024_20231016T1430,20231016,1430,Timelapse,NT,,1,0,0,1,1,1,1,1,1,Prague-CZ,50.10444444444445,14.389444444444443,128SE,220,5,0,110,25.4,25.3,Partially cloudy,,No wind,office,,Indoor w/o window,,daylight,,,2
452,101,SCENES,20230208,Niloufar Tabandeh,452,Full setup,,1024,1024_20231016T1500,20231016,1500,Timelapse,NT,,1,0,0,1,1,1,1,1,1,Prague-CZ,50.10444444444445,14.389444444444443,128SE,220,5,0,110,25.6,26.7,Partially cloudy,,No wind,office,,Indoor w/o window,,daylight,,,2
453,101,SCENES,20230208,Niloufar Tabandeh,453,Full setup,,1024,1024_20231016T1530,20231016,1530,Timelapse,NT,,1,0,0,1,1,1,1,1,1,Prague-CZ,50.10444444444445,14.389444444444443,128SE,220,5,0,110,25.7,24,Partially cloudy,,No wind,office,,Indoor w/o window,,daylight,,,2
454,101,SCENES,20230208,Niloufar Tabandeh,454,Full setup,,1024,1024_20231016T1600,20231016,1600,Timelapse,NT,,1,0,0,1,1,1,1,1,1,Prague-CZ,50.10444444444445,14.389444444444443,128SE,220,5,0,110,25.9,23.4,Partially cloudy,,No wind,office,,Indoor w/o window,,daylight,,,2
455,101,SCENES,20230208,Niloufar Tabandeh,455,Full setup,,1024,1024_20231016T1630,20231016,1630,Timelapse,NT,,1,0,0,1,1,1,1,1,1,Prague-CZ,50.10444444444445,14.389444444444443,128SE,220,5,0,110,28.7,22.7,Partially cloudy,,No wind,office,,Indoor w/o window,,daylight,,,2
456,101,SCENES,20230208,Niloufar Tabandeh,456,Full setup,,1024,1024_20231016T1700,20231016,1700,Timelapse,NT,,1,0,0,1,1,1,1,1,1,Prague-CZ,50.10444444444445,14.389444444444443,128SE,220,5,0,110,26.1,28.2,Partially cloudy,,No wind,office,,Indoor w/o window,,daylight,,,2
457,101,SCENES,20230208,Niloufar Tabandeh,457,Full setup,,1025,1025_20231017T1030,20231017,1030,Timelapse,NT,,1,0,0,1,1,1,1,1,1,Prague-CZ,50.103611111111114,14.388055555555555,243SW,220,0,0,125,7.5,68.5,Partially cloudy,,No wind,park,,Outdoor,,daylight,,,2
458,101,SCENES,20230208,Niloufar Tabandeh,458,Full setup,,1025,1025_20231017T1100,20231017,1100,Timelapse,NT,,1,0,0,1,1,1,1,1,1,Prague-CZ,50.103611111111114,14.388055555555555,243SW,220,0,0,125,8.8,64.1,Partially cloudy,,No wind,park,,Outdoor,,daylight,,,2
459,101,SCENES,20230208,Niloufar Tabandeh,459,Full setup,,1025,1025_20231017T1130,20231017,1130,Timelapse,NT,,1,0,0,1,1,1,1,1,1,Prague-CZ,50.103611111111114,14.388055555555555,243SW,220,0,0,125,10.8,58.5,Partially cloudy,,No wind,park,,Outdoor,,daylight,,,2
460,101,SCENES,20230208,Niloufar Tabandeh,460,Full setup,,1025,1025_20231017T1200,20231017,1200,Timelapse,NT,,1,0,0,1,1,1,1,1,1,Prague-CZ,50.103611111111114,14.388055555555555,243SW,220,0,0,125,10.6,57.4,Cloudy,,No wind,park,,Outdoor,,daylight,,,2
461,101,SCENES,20230208,Niloufar Tabandeh,461,Full setup,,1025,1025_20231017T1230,20231017,1230,Timelapse,NT,,1,0,0,1,1,1,1,1,1,Prague-CZ,50.103611111111114,14.388055555555555,243SW,220,0,0,125,11.6,53.9,Cloudy,,Windy,park,,Outdoor,,daylight,,,2
462,101,SCENES,20230208,Niloufar Tabandeh,462,Full setup,,1025,1025_20231017T1300,20231017,1300,Timelapse,NT,,1,0,0,1,1,1,1,1,1,Prague-CZ,50.103611111111114,14.388055555555555,243SW,220,0,0,125,12.2,51.7,Cloudy,,Windy,park,,Outdoor,,daylight,,,2
463,101,SCENES,20230208,Niloufar Tabandeh,463,Full setup,,1025,1025_20231017T1330,20231017,1330,Timelapse,NT,,1,0,0,1,1,1,1,1,1,Prague-CZ,50.103611111111114,14.388055555555555,243SW,220,0,0,125,12.2,49.6,Cloudy,,No wind,park,,Outdoor,,daylight,,,2
464,101,SCENES,20230208,Niloufar Tabandeh,464,Full setup,,1025,1025_20231017T1400,20231017,1400,Timelapse,NT,,1,0,0,1,1,1,1,0,1,Prague-CZ,50.103611111111114,14.388055555555555,243SW,220,0,0,125,12.5,47.1,Cloudy,,No wind,park,,Outdoor,,daylight,,Gopro video was deleted due to people passing,1
465,101,SCENES,20230208,Niloufar Tabandeh,465,Full setup,,1025,1025_20231017T1430,20231017,1430,Timelapse,NT,,1,0,0,1,1,1,1,1,1,Prague-CZ,50.103611111111114,14.388055555555555,243SW,220,0,0,125,11.3,51.3,Cloudy,,Windy,park,,Outdoor,,daylight,,,2
466,101,SCENES,20230208,Niloufar Tabandeh,466,Full setup,,1025,1025_20231017T1500,20231017,1500,Timelapse,NT,,1,0,0,1,1,1,1,1,1,Prague-CZ,50.103611111111114,14.388055555555555,243SW,220,0,0,125,10.9,51.2,Cloudy,,Windy,park,,Outdoor,,daylight,,,2
467,101,SCENES,20230208,Niloufar Tabandeh,467,Full setup,,1025,1025_20231017T1530,20231017,1530,Timelapse,NT,,1,0,0,1,1,1,1,1,1,Prague-CZ,50.103611111111114,14.388055555555555,243SW,220,0,0,125,11.2,50.4,Cloudy,,Windy,park,,Outdoor,,daylight,,,2
468,101,SCENES,20230208,Niloufar Tabandeh,468,Full setup,,1025,1025_20231017T1600,20231017,1600,Timelapse,NT,,1,0,0,1,1,1,1,1,1,Prague-CZ,50.103611111111114,14.388055555555555,243SW,220,0,0,125,11.7,48.8,Clear,,No wind,park,,Outdoor,,daylight,,,2
469,101,SCENES,20230208,Niloufar Tabandeh,469,Full setup,,1025,1025_20231017T1630,20231017,1630,Timelapse,NT,,1,0,0,1,1,1,1,1,1,Prague-CZ,50.103611111111114,14.388055555555555,243SW,220,0,0,125,14.9,41.8,Clear,,Windy,park,,Outdoor,,daylight,,,2
470,101,SCENES,20230208,Niloufar Tabandeh,470,Full setup,,1025,1025_20231017T1700,20231017,1700,Timelapse,NT,,1,0,0,1,1,1,1,1,1,Prague-CZ,50.103611111111114,14.388055555555555,243SW,220,0,0,125,11,52.5,Clear,,No wind,park,,Outdoor,,daylight,,,2
471,101,SCENES,20230208,Niloufar Tabandeh,471,Full setup,,1026,1026_20231019T0930,20231019,930,Timelapse,NT,,1,0,0,1,1,1,1,1,1,Prague-CZ,50.10444444444445,14.389166666666666,66NE,220,5,0,115,22.3,35.3,Drizzling,,No wind,office,,Indoor w/ window,,daylight,,,2
472,101,SCENES,20230208,Niloufar Tabandeh,472,Full setup,,1026,1026_20231019T1000,20231019,1000,Timelapse,NT,,1,0,0,1,1,1,1,1,1,Prague-CZ,50.10444444444445,14.389166666666666,66NE,220,5,0,115,22.9,34.4,Drizzling,,No wind,office,,Indoor w/ window,,daylight,,,2
473,101,SCENES,20230208,Niloufar Tabandeh,473,Full setup,,1026,1026_20231019T1030,20231019,1030,Timelapse,NT,,1,0,0,1,1,1,1,1,1,Prague-CZ,50.10444444444445,14.389166666666666,66NE,220,5,0,115,23.3,34,Drizzling,,No wind,office,,Indoor w/ window,,daylight,,,2
474,101,SCENES,20230208,Niloufar Tabandeh,474,Full setup,,1026,1026_20231019T1100,20231019,1100,Timelapse,NT,,1,0,0,1,1,1,1,1,1,Prague-CZ,50.10444444444445,14.389166666666666,66NE,220,5,0,115,23.5,33.7,Cloudy,,No wind,office,,Indoor w/ window,,daylight,,,2
475,101,SCENES,20230208,Niloufar Tabandeh,475,Full setup,,1026,1026_20231019T1130,20231019,1130,Timelapse,NT,,1,0,0,1,1,1,1,1,1,Prague-CZ,50.10444444444445,14.389166666666666,66NE,220,5,0,115,23.5,33.7,Cloudy,,No wind,office,,Indoor w/ window,,daylight,,,2
476,101,SCENES,20230208,Niloufar Tabandeh,476,Full setup,,1026,1026_20231019T1200,20231019,1200,Timelapse,NT,,1,0,0,1,1,1,1,1,1,Prague-CZ,50.10444444444445,14.389166666666666,66NE,220,5,0,115,23.8,34.3,Cloudy,,No wind,office,,Indoor w/ window,,daylight,,,2
477,101,SCENES,20230208,Niloufar Tabandeh,477,Full setup,,1026,1026_20231019T1230,20231019,1230,Timelapse,NT,,1,0,0,1,1,1,1,1,1,Prague-CZ,50.10444444444445,14.389166666666666,66NE,220,5,0,115,24.1,34.5,Cloudy,,No wind,office,,Indoor w/ window,,daylight,,,2
478,101,SCENES,20230208,Niloufar Tabandeh,478,Full setup,,1026,1026_20231019T1300,20231019,1300,Timelapse,NT,,1,0,0,1,1,1,1,1,1,Prague-CZ,50.10444444444445,14.389166666666666,66NE,220,5,0,115,24.3,34.2,Cloudy,,No wind,office,,Indoor w/ window,,daylight,,,2
479,101,SCENES,20230208,Niloufar Tabandeh,479,Full setup,,1026,1026_20231019T1330,20231019,1330,Timelapse,NT,,1,0,0,1,1,1,1,1,1,Prague-CZ,50.10444444444445,14.389166666666666,66NE,220,5,0,115,24.3,35,Cloudy,,No wind,office,,Indoor w/ window,,daylight,,,2
480,101,SCENES,20230208,Niloufar Tabandeh,480,Full setup,,1026,1026_20231019T1400,20231019,1400,Timelapse,NT,,1,0,0,1,1,1,1,1,1,Prague-CZ,50.10444444444445,14.389166666666666,66NE,220,5,0,115,24.4,35.4,Cloudy,,No wind,office,,Indoor w/ window,,daylight,,,2
481,101,SCENES,20230208,Niloufar Tabandeh,481,Full setup,,1026,1026_20231019T1430,20231019,1430,Timelapse,NT,,1,0,0,1,1,1,1,1,1,Prague-CZ,50.10444444444445,14.389166666666666,66NE,220,5,0,115,24.5,35.7,Cloudy,,No wind,office,,Indoor w/ window,,daylight,,,2
482,101,SCENES,20230208,Niloufar Tabandeh,482,Full setup,,1026,1026_20231019T1500,20231019,1500,Timelapse,NT,,1,0,0,1,1,1,1,1,1,Prague-CZ,50.10444444444445,14.389166666666666,66NE,220,5,0,115,24.5,35.8,Cloudy,,No wind,office,,Indoor w/ window,,daylight,,,2
483,101,SCENES,20230208,Niloufar Tabandeh,483,Full setup,,1026,1026_20231019T1530,20231019,1530,Timelapse,NT,,1,0,0,1,1,1,1,1,1,Prague-CZ,50.10444444444445,14.389166666666666,66NE,220,5,0,115,24.4,36,Cloudy,,No wind,office,,Indoor w/ window,,daylight,,,2
484,101,SCENES,20230208,Niloufar Tabandeh,484,Full setup,,1026,1026_20231019T1600,20231019,1600,Timelapse,NT,,1,0,0,1,1,1,1,1,1,Prague-CZ,50.10444444444445,14.389166666666666,66NE,220,5,0,115,24.3,36.2,Cloudy,,No wind,office,,Indoor w/ window,,daylight,,,2
485,101,SCENES,20230208,Niloufar Tabandeh,485,Full setup,,1026,1026_20231019T1630,20231019,1630,Timelapse,NT,,1,0,0,1,1,1,1,1,1,Prague-CZ,50.10444444444445,14.389166666666666,66NE,220,5,0,115,24.4,36.2,Cloudy,,No wind,office,,Indoor w/ window,,daylight,,,2
486,101,SCENES,20230208,Niloufar Tabandeh,486,Full setup,,1026,1026_20231019T1700,20231019,1700,Timelapse,NT,,1,0,0,1,1,1,1,1,1,Prague-CZ,50.10444444444445,14.389166666666666,66NE,220,5,0,115,24.2,36.3,Cloudy,,No wind,office,,Indoor w/ window,,mixed,,,2
487,101,SCENES,20230208,Niloufar Tabandeh,487,Full setup,,1026,1026_20231019T1730,20231019,1730,Timelapse,NT,,1,0,0,1,1,1,1,1,1,Prague-CZ,50.10444444444445,14.389166666666666,66NE,220,5,0,115,24.4,35.9,Cloudy,,No wind,office,,Indoor w/ window,,mixed,,,2
488,101,SCENES,20230208,Niloufar Tabandeh,488,Full setup,,1026,1026_20231019T1800,20231019,1800,Timelapse,NT,,1,0,0,1,1,1,1,1,1,Prague-CZ,50.10444444444445,14.389166666666666,66NE,220,5,0,115,24.4,35.9,Cloudy,,No wind,office,,Indoor w/ window,,mixed,,,2
489,101,SCENES,20230208,Niloufar Tabandeh,489,Full setup,,1027,1027-20231022T0900,20231022,900,Timelapse,NT,,0,0,1,1,1,1,1,1,1,Prague-CZ,50.07,14.45861111111111,239SW,230,4,0,115,22.9,58.7,Cloudy,,No wind,office,,Indoor w/ window,,mixed,,,2
490,101,SCENES,20230208,Niloufar Tabandeh,490,Full setup,,1027,1027-20231022T0930,20231022,930,Timelapse,NT,,0,0,1,1,1,1,1,1,1,Prague-CZ,50.07,14.45861111111111,239SW,230,4,0,115,23.4,55.7,Cloudy,,No wind,office,,Indoor w/ window,,mixed,,,2
491,101,SCENES,20230208,Niloufar Tabandeh,491,Full setup,,1027,1027-20231022T1000,20231022,1000,Timelapse,NT,,0,0,1,1,1,1,1,1,1,Prague-CZ,50.07,14.45861111111111,239SW,230,4,0,115,23.7,54.9,Cloudy,,No wind,office,,Indoor w/ window,,mixed,,,2
492,101,SCENES,20230208,Niloufar Tabandeh,492,Full setup,,1027,1027-20231022T1030,20231022,1030,Timelapse,NT,,0,0,1,1,1,1,1,1,1,Prague-CZ,50.07,14.45861111111111,239SW,230,4,0,115,23.7,53.8,Cloudy,,No wind,office,,Indoor w/ window,,mixed,,,2
493,101,SCENES,20230208,Niloufar Tabandeh,493,Full setup,,1027,1027-20231022T1100,20231022,1100,Timelapse,NT,,0,0,1,1,1,1,1,1,1,Prague-CZ,50.07,14.45861111111111,239SW,230,4,0,115,23.9,52.9,Partially cloudy,,No wind,office,,Indoor w/ window,,mixed,,,2
494,101,SCENES,20230208,Niloufar Tabandeh,494,Full setup,,1027,1027-20231022T1130,20231022,1130,Timelapse,NT,,0,0,1,1,1,1,1,1,1,Prague-CZ,50.07,14.45861111111111,239SW,230,4,0,115,24.1,52.8,Partially cloudy,,No wind,office,,Indoor w/ window,,mixed,,,2
495,101,SCENES,20230208,Niloufar Tabandeh,495,Full setup,,1027,1027-20231022T1200,20231022,1200,Timelapse,NT,,0,0,1,1,1,1,1,1,1,Prague-CZ,50.07,14.45861111111111,239SW,230,4,0,115,24.2,52.4,Partially cloudy,,No wind,office,,Indoor w/ window,,daylight,,,2
496,101,SCENES,20230208,Niloufar Tabandeh,496,Full setup,,1027,1027-20231022T1230,20231022,1230,Timelapse,NT,,0,0,1,1,1,1,1,1,1,Prague-CZ,50.07,14.45861111111111,239SW,230,4,0,115,24.2,52.5,Partially cloudy,,No wind,office,,Indoor w/ window,,daylight,,,2
497,101,SCENES,20230208,Niloufar Tabandeh,497,Full setup,,1027,1027-20231022T1300,20231022,1300,Timelapse,NT,,0,0,1,1,1,1,1,1,1,Prague-CZ,50.07,14.45861111111111,239SW,230,4,0,115,24,53,Partially cloudy,,No wind,office,,Indoor w/ window,,daylight,,,2
498,101,SCENES,20230208,Niloufar Tabandeh,498,Full setup,,1027,1027-20231022T1330,20231022,1330,Timelapse,NT,,0,0,1,1,1,1,1,1,1,Prague-CZ,50.07,14.45861111111111,239SW,230,4,0,115,23.9,53.1,Clear,,No wind,office,,Indoor w/ window,,daylight,,,2
499,101,SCENES,20230208,Niloufar Tabandeh,499,Full setup,,1027,1027-20231022T1400,20231022,1400,Timelapse,NT,,0,0,1,1,1,1,1,1,1,Prague-CZ,50.07,14.45861111111111,239SW,230,4,0,115,23.9,53.9,Partially cloudy,,No wind,office,,Indoor w/ window,,daylight,,,2
500,101,SCENES,20230208,Niloufar Tabandeh,500,Full setup,,1027,1027-20231022T1430,20231022,1430,Timelapse,NT,,0,0,1,1,1,1,1,1,0,Prague-CZ,50.07,14.45861111111111,239SW,230,4,0,115,24,53.4,Partially cloudy,,No wind,office,,Indoor w/ window,,mixed,,Gopro photo files are missing,1
501,101,SCENES,20230208,Niloufar Tabandeh,501,Full setup,,1027,1027-20231022T1500,20231022,1500,Timelapse,NT,,0,0,1,1,1,1,1,1,1,Prague-CZ,50.07,14.45861111111111,239SW,230,4,0,115,24.1,53.3,Partially cloudy,,No wind,office,,Indoor w/ window,,mixed,,,2
502,101,SCENES,20230208,Niloufar Tabandeh,502,Full setup,,1027,1027-20231022T1530,20231022,1530,Timelapse,NT,,0,0,1,1,1,1,1,1,1,Prague-CZ,50.07,14.45861111111111,239SW,230,4,0,115,24.2,53.1,Partially cloudy,,No wind,office,,Indoor w/ window,,mixed,,,2
503,101,SCENES,20230208,Niloufar Tabandeh,503,Full setup,,1027,1027-20231022T1600,20231022,1600,Timelapse,NT,,0,0,1,1,1,1,1,1,1,Prague-CZ,50.07,14.45861111111111,239SW,230,4,0,115,24.4,52.7,Clear,,No wind,office,,Indoor w/ window,,mixed,,,2
504,101,SCENES,20230208,Niloufar Tabandeh,504,Full setup,,1027,1027-20231022T1630,20231022,1630,Timelapse,NT,,0,0,1,1,1,1,1,1,1,Prague-CZ,50.07,14.45861111111111,239SW,230,4,0,115,24.8,51.9,Partially cloudy,,No wind,office,,Indoor w/ window,,mixed,,,2
505,101,SCENES,20230208,Niloufar Tabandeh,505,Full setup,,1027,1027-20231022T1700,20231022,1700,Timelapse,NT,,0,0,1,1,1,1,1,1,1,Prague-CZ,50.07,14.45861111111111,239SW,230,4,0,115,24.7,52,Partially cloudy,,No wind,office,,Indoor w/ window,,mixed,,,2
506,101,SCENES,20230208,Niloufar Tabandeh,506,Full setup,,1027,1027-20231022T1730,20231022,1730,Timelapse,NT,,0,0,1,1,1,1,1,1,1,Prague-CZ,50.07,14.45861111111111,239SW,230,4,0,115,24.3,53.6,Partially cloudy,,No wind,office,,Indoor w/ window,,mixed,,,2
507,101,SCENES,20230208,Niloufar Tabandeh,507,Full setup,,1027,1027-20231022T1800,20231022,1800,Timelapse,NT,,0,0,1,1,1,1,1,1,1,Prague-CZ,50.07,14.45861111111111,239SW,230,4,0,115,24.1,53.7,Partially cloudy,,No wind,office,,Indoor w/ window,,mixed,,,2
508,101,SCENES,20230208,Niloufar Tabandeh,508,Full setup,,1028,1028-20231023T1030,20231023,1030,Timelapse,NT,,0,0,1,1,1,1,1,1,1,Prague-CZ,50.157222222222224,14.169722222222221,23NE,360,0,0,125,19.9,45.3,Clear,,No wind,countryside,,Outdoor,,daylight,,,2
509,101,SCENES,20230208,Niloufar Tabandeh,509,Full setup,,1028,1028-20231023T1100,20231023,1100,Timelapse,NT,,0,0,1,1,1,1,1,1,1,Prague-CZ,50.157222222222224,14.169722222222221,23NE,360,0,0,125,17.4,50.2,Clear,,No wind,countryside,,Outdoor,,daylight,,,2
510,101,SCENES,20230208,Niloufar Tabandeh,510,Full setup,,1028,1028-20231023T1130,20231023,1130,Timelapse,NT,,0,0,1,1,1,1,1,1,1,Prague-CZ,50.157222222222224,14.169722222222221,23NE,360,0,0,125,18.8,46.4,Clear,,No wind,countryside,,Outdoor,,daylight,,,2
511,101,SCENES,20230208,Niloufar Tabandeh,511,Full setup,,1028,1028-20231023T1200,20231023,1200,Timelapse,NT,,0,0,1,1,1,1,1,1,1,Prague-CZ,50.157222222222224,14.169722222222221,23NE,360,0,0,125,18.4,51.7,Clear,,No wind,countryside,,Outdoor,,daylight,,,2
512,101,SCENES,20230208,Niloufar Tabandeh,512,Full setup,,1028,1028-20231023T1230,20231023,1230,Timelapse,NT,,0,0,1,1,1,1,1,1,1,Prague-CZ,50.157222222222224,14.169722222222221,23NE,360,0,0,125,16.6,59.5,Clear,,No wind,countryside,,Outdoor,,daylight,,The .bag file from the depth camera is larger than usual,2
513,101,SCENES,20230208,Niloufar Tabandeh,513,Full setup,,1028,1028-20231023T1300,20231023,1300,Timelapse,NT,,0,0,1,1,1,1,1,1,1,Prague-CZ,50.157222222222224,14.169722222222221,23NE,360,0,0,125,15.7,55.3,Clear,,Windy,countryside,,Outdoor,,daylight,,,2
514,101,SCENES,20230208,Niloufar Tabandeh,514,Full setup,,1028,1028-20231023T1330,20231023,1330,Timelapse,NT,,0,0,1,1,1,1,1,1,1,Prague-CZ,50.157222222222224,14.169722222222221,23NE,360,0,0,125,16.4,52.6,Clear,,No wind,countryside,,Outdoor,,daylight,,The .bag file from the depth camera is smaller than usual,2
515,101,SCENES,20230208,Niloufar Tabandeh,515,Full setup,,1028,1028-20231023T1400,20231023,1400,Timelapse,NT,,0,0,1,1,1,1,1,1,1,Prague-CZ,50.157222222222224,14.169722222222221,23NE,360,0,0,125,16.3,52.7,Partially cloudy,,Windy,countryside,,Outdoor,,daylight,,,2
516,101,SCENES,20230208,Niloufar Tabandeh,516,Full setup,,1028,1028-20231023T1430,20231023,1430,Timelapse,NT,,0,0,1,1,1,1,1,1,1,Prague-CZ,50.157222222222224,14.169722222222221,23NE,360,0,0,125,16.3,52.1,Partially cloudy,,Windy,countryside,,Outdoor,,daylight,,,2
517,101,SCENES,20230208,Niloufar Tabandeh,517,Full setup,,1028,1028-20231023T1500,20231023,1500,Timelapse,NT,,0,0,1,1,1,1,1,1,1,Prague-CZ,50.157222222222224,14.169722222222221,23NE,360,0,0,125,16.6,51.2,Partially cloudy,,Windy,countryside,,Outdoor,,daylight,,,2
518,101,SCENES,20230208,Niloufar Tabandeh,518,Full setup,,1028,1028-20231023T1530,20231023,1530,Timelapse,NT,,0,0,1,1,1,1,1,1,1,Prague-CZ,50.157222222222224,14.169722222222221,23NE,360,0,0,125,16.6,51.9,Partially cloudy,,No wind,countryside,,Outdoor,,daylight,,,2
519,101,SCENES,20230208,Niloufar Tabandeh,519,Full setup,,1028,1028-20231023T1600,20231023,1600,Timelapse,NT,,0,0,1,1,1,1,1,1,1,Prague-CZ,50.157222222222224,14.169722222222221,23NE,360,0,0,125,16.3,50.1,Cloudy,,No wind,countryside,,Outdoor,,daylight,,,2
520,101,SCENES,20230208,Niloufar Tabandeh,520,Full setup,,1028,1028-20231023T1630,20231023,1630,Timelapse,NT,,0,0,1,1,1,1,1,1,1,Prague-CZ,50.157222222222224,14.169722222222221,23NE,360,0,0,125,"16,0",53.2,Cloudy,,Windy,countryside,,Outdoor,,daylight,,,2
521,101,SCENES,20230208,Niloufar Tabandeh,521,Full setup,,1028,1028-20231023T1700,20231023,1700,Timelapse,NT,,0,0,1,1,1,1,1,1,1,Prague-CZ,50.157222222222224,14.169722222222221,23NE,360,0,0,125,15.4,63.2,Cloudy,,No wind,countryside,,Outdoor,,daylight,,,2
522,101,SCENES,20230208,Niloufar Tabandeh,522,Full setup,,1028,1028-20231023T1730,20231023,1730,Timelapse,NT,,0,0,1,1,1,1,1,1,1,Prague-CZ,50.157222222222224,14.169722222222221,23NE,360,0,0,125,14.6,68.9,Cloudy,,No wind,countryside,,Outdoor,,daylight,,,2
523,101,SCENES,20230208,Niloufar Tabandeh,523,Full setup,,1028,1028-20231023T1800,20231023,1800,Timelapse,NT,,0,0,1,1,1,1,1,1,1,Prague-CZ,50.157222222222224,14.169722222222221,23NE,360,0,0,125,13.9,69.9,Cloudy,,No wind,countryside,,Outdoor,,daylight,,,2
524,101,SCENES,20230208,Niloufar Tabandeh,524,Compact setup,,1029,1029_20231026T1145,20231026,1145,Timelapse,AB,,0,1,0,0,0,0,1,1,1,Riodejaneiro-BR,-23.011388888888888,-43.321111111111115,150SE,10,8,0,92,30.1,58.6,Partially cloudy,,No wind,office,,Indoor w/ window,,daylight,,,2
525,101,SCENES,20230208,Niloufar Tabandeh,525,Compact setup,,1029,1029_20231026T1200,20231026,1200,Timelapse,AB,,0,1,0,0,0,0,1,1,1,Riodejaneiro-BR,-23.011388888888888,-43.321111111111115,150SE,10,8,0,92,27.8,67.2,Partially cloudy,,No wind,office,,Indoor w/ window,,daylight,,,2
526,101,SCENES,20230208,Niloufar Tabandeh,526,Compact setup,,1029,1029_20231026T1230,20231026,1230,Timelapse,AB,,0,1,0,0,0,0,1,1,1,Riodejaneiro-BR,-23.011388888888888,-43.321111111111115,150SE,10,8,0,92,28.1,66.9,Partially cloudy,,No wind,office,,Indoor w/ window,,daylight,,,2
527,101,SCENES,20230208,Niloufar Tabandeh,527,Compact setup,,1029,1029_20231026T1300,20231026,1300,Timelapse,AB,,0,1,0,0,0,0,1,1,1,Riodejaneiro-BR,-23.011388888888888,-43.321111111111115,150SE,10,8,0,92,26.4,70.8,Partially cloudy,,No wind,office,,Indoor w/ window,,daylight,,,2
528,101,SCENES,20230208,Niloufar Tabandeh,528,Compact setup,,1029,1029_20231026T1330,20231026,1330,Timelapse,AB,,0,1,0,0,0,0,1,1,1,Riodejaneiro-BR,-23.011388888888888,-43.321111111111115,150SE,10,8,0,92,25.9,71.4,Partially cloudy,,No wind,office,,Indoor w/ window,,daylight,,,2
529,101,SCENES,20230208,Niloufar Tabandeh,529,Compact setup,,1029,1029_20231026T1400,20231026,1400,Timelapse,AB,,0,1,0,0,0,0,1,1,1,Riodejaneiro-BR,-23.011388888888888,-43.321111111111115,150SE,10,8,0,92,25.9,71.7,Partially cloudy,,No wind,office,,Indoor w/ window,,daylight,,,2
530,101,SCENES,20230208,Niloufar Tabandeh,530,Compact setup,,1029,1029_20231026T1430,20231026,1430,Timelapse,AB,,0,1,0,0,0,0,1,1,1,Riodejaneiro-BR,-23.011388888888888,-43.321111111111115,150SE,10,8,0,92,26.3,69.1,Partially cloudy,,No wind,office,,Indoor w/ window,,daylight,,,2
531,101,SCENES,20230208,Niloufar Tabandeh,531,Compact setup,,1029,1029_20231026T1500,20231026,1500,Timelapse,AB,,0,1,0,0,0,0,1,1,1,Riodejaneiro-BR,-23.011388888888888,-43.321111111111115,150SE,10,8,0,92,26.6,67.8,Cloudy,,No wind,office,,Indoor w/ window,,daylight,,,2
532,101,SCENES,20230208,Niloufar Tabandeh,532,Compact setup,,1029,1029_20231026T1530,20231026,1530,Timelapse,AB,,0,1,0,0,0,0,1,1,1,Riodejaneiro-BR,-23.011388888888888,-43.321111111111115,150SE,10,8,0,92,25.8,70.8,Cloudy,,No wind,office,,Indoor w/ window,,daylight,,,2
533,101,SCENES,20230208,Niloufar Tabandeh,533,Compact setup,,1029,1029_20231026T1600,20231026,1600,Timelapse,AB,,0,1,0,0,0,0,1,1,1,Riodejaneiro-BR,-23.011388888888888,-43.321111111111115,150SE,10,8,0,92,24.9,75.1,Cloudy,,No wind,office,,Indoor w/ window,,daylight,,,2
534,101,SCENES,20230208,Niloufar Tabandeh,534,Compact setup,,1029,1029_20231026T1630,20231026,1630,Timelapse,AB,,0,1,0,0,0,0,1,1,1,Riodejaneiro-BR,-23.011388888888888,-43.321111111111115,150SE,10,8,0,92,24.8,75.2,Cloudy,,No wind,office,,Indoor w/ window,,daylight,,,2
535,101,SCENES,20230208,Niloufar Tabandeh,535,Compact setup,,1029,1029_20231026T1700,20231026,1700,Timelapse,AB,,0,1,0,0,0,0,1,1,1,Riodejaneiro-BR,-23.011388888888888,-43.321111111111115,150SE,10,8,0,92,24.5,76.9,Cloudy,,No wind,office,,Indoor w/ window,,daylight,,,2
536,101,SCENES,20230208,Niloufar Tabandeh,536,Compact setup,,1029,1029_20231026T1730,20231026,1730,Timelapse,AB,,0,1,0,0,0,0,1,1,1,Riodejaneiro-BR,-23.011388888888888,-43.321111111111115,150SE,10,8,0,92,24.4,78.3,Cloudy,,No wind,office,,Indoor w/ window,,daylight,,,2
537,101,SCENES,20230208,Niloufar Tabandeh,537,Compact setup,,1029,1029_20231026T1800,20231026,1800,Timelapse,AB,,0,1,0,0,0,0,1,1,1,Riodejaneiro-BR,-23.011388888888888,-43.321111111111115,150SE,10,8,0,92,24.3,79.2,Cloudy,,No wind,office,,Indoor w/ window,,mixed,,,2
538,101,SCENES,20230208,Niloufar Tabandeh,538,Compact setup,,1029,1029_20231026T1830,20231026,1830,Timelapse,AB,,0,1,0,0,0,0,1,1,1,Riodejaneiro-BR,-23.011388888888888,-43.321111111111115,150SE,10,8,0,92,24.2,79.5,Cloudy,,No wind,office,,Indoor w/ window,,electriclight,,,2
539,101,SCENES,20230208,Niloufar Tabandeh,539,Compact setup,,1029,1029_20231026T1900,20231026,1900,Timelapse,AB,,0,1,0,0,0,0,1,1,1,Riodejaneiro-BR,-23.011388888888888,-43.321111111111115,150SE,10,8,0,92,24.2,81.6,Cloudy,,No wind,office,,Indoor w/ window,,electriclight,,,2
540,101,SCENES,20230208,Niloufar Tabandeh,540,Compact setup,,1029,1029_20231026T1930,20231026,1930,Timelapse,AB,,0,1,0,0,0,0,1,1,1,Riodejaneiro-BR,-23.011388888888888,-43.321111111111115,150SE,10,8,0,92,24,84.2,Rainy,,No wind,office,,Indoor w/ window,,electriclight,,,2
541,101,SCENES,20230208,Niloufar Tabandeh,541,Compact setup,,1029,1029_20231026T2300,20231026,2300,Timelapse,AB,,0,1,0,0,0,0,1,1,1,Riodejaneiro-BR,-23.011388888888888,-43.321111111111115,150SE,10,8,0,92,23.8,84.8,Rainy,,No wind,office,,Indoor w/ window,,electriclight,,,2
542,101,SCENES,20230208,Niloufar Tabandeh,542,Compact setup,,1029,1029_20231026T2330,20231026,2330,Timelapse,AB,,0,1,0,0,0,0,1,1,1,Riodejaneiro-BR,-23.011388888888888,-43.321111111111115,150SE,10,8,0,92,24,83.8,Rainy,,No wind,office,,Indoor w/ window,,electriclight,,,2
543,101,SCENES,20230208,Niloufar Tabandeh,543,Compact setup,,1029,1029_20231027T0000,20231026,0,Timelapse,AB,,0,1,0,0,0,0,1,1,1,Riodejaneiro-BR,-23.011388888888888,-43.321111111111115,150SE,10,8,0,92,24.1,82.8,Rainy,,No wind,office,,Indoor w/ window,,electriclight,,,2
544,101,SCENES,20230208,Niloufar Tabandeh,544,Compact setup,,1029,1029_20231027T0030,20231027,30,Timelapse,AB,,0,1,0,0,0,0,1,1,1,Riodejaneiro-BR,-23.011388888888888,-43.321111111111115,150SE,10,8,0,92,24.2,83.7,Cloudy,,No wind,office,,Indoor w/ window,,electriclight,,,2
545,101,SCENES,20230208,Niloufar Tabandeh,545,Compact setup,,1029,1029_20231027T0430,20231027,430,Timelapse,AB,,0,1,0,0,0,0,1,1,1,Riodejaneiro-BR,-23.011388888888888,-43.321111111111115,150SE,10,8,0,92,23.8,84.7,Cloudy,,No wind,office,,Indoor w/ window,,daylight,,,2
546,101,SCENES,20230208,Niloufar Tabandeh,546,Compact setup,,1029,1029_20231027T0500,20231027,500,Timelapse,AB,,0,1,0,0,0,0,1,1,1,Riodejaneiro-BR,-23.011388888888888,-43.321111111111115,150SE,10,8,0,92,23.7,84.8,Cloudy,,No wind,office,,Indoor w/ window,,daylight,,,2
547,101,SCENES,20230208,Niloufar Tabandeh,547,Compact setup,,1029,1029_20231027T0530,20231027,530,Timelapse,AB,,0,1,0,0,0,0,1,1,1,Riodejaneiro-BR,-23.011388888888888,-43.321111111111115,150SE,10,8,0,92,23.7,84.5,Cloudy,,No wind,office,,Indoor w/ window,,daylight,,,2
548,101,SCENES,20230208,Niloufar Tabandeh,548,Compact setup,,1029,1029_20231027T0600,20231027,600,Timelapse,AB,,0,1,0,0,0,0,1,1,1,Riodejaneiro-BR,-23.011388888888888,-43.321111111111115,150SE,10,8,0,92,23.8,83.4,Cloudy,,No wind,office,,Indoor w/ window,,daylight,,,2
549,101,SCENES,20230208,Niloufar Tabandeh,549,Compact setup,,1029,1029_20231027T0630,20231027,630,Timelapse,AB,,0,0,0,0,0,0,1,1,1,Riodejaneiro-BR,-23.011388888888888,-43.321111111111115,150SE,10,8,0,92,24.7,80,Cloudy,,No wind,office,,Indoor w/ window,,daylight,,,1
550,101,SCENES,20230208,Niloufar Tabandeh,550,Compact setup,,1029,1029_20231027T0700,20231027,700,Timelapse,AB,,0,1,0,0,0,0,1,1,1,Riodejaneiro-BR,-23.011388888888888,-43.321111111111115,150SE,10,8,0,92,24.2,79.2,Cloudy,,No wind,office,,Indoor w/ window,,daylight,,,2
551,101,SCENES,20230208,Niloufar Tabandeh,551,Compact setup,,1029,1029_20231027T0730,20231027,730,Timelapse,AB,,0,1,0,0,0,0,1,1,1,Riodejaneiro-BR,-23.011388888888888,-43.321111111111115,150SE,10,8,0,92,25.5,72.8,Partially cloudy,,No wind,office,,Indoor w/ window,,daylight,,,2
552,101,SCENES,20230208,Niloufar Tabandeh,552,Compact setup,,1030,1030_20231027T0800,20231027,800,Timelapse,AB,,0,1,0,0,0,0,1,1,1,Riodejaneiro-BR,-23.011388888888888,-43.321111111111115,86E,10,8,0,103,27,68.5,Partially cloudy,,No wind,office,,Indoor w/ window,,daylight,,,2
553,101,SCENES,20230208,Niloufar Tabandeh,553,Compact setup,,1030,1030_20231027T0830,20231027,830,Timelapse,AB,,0,1,0,0,0,0,1,1,1,Riodejaneiro-BR,-23.011388888888888,-43.321111111111115,86E,10,8,0,103,28,64.9,Partially cloudy,,No wind,office,,Indoor w/ window,,daylight,,,2
554,101,SCENES,20230208,Niloufar Tabandeh,554,Compact setup,,1030,1030_20231027T0900,20231027,900,Timelapse,AB,,0,1,0,0,0,0,1,1,1,Riodejaneiro-BR,-23.011388888888888,-43.321111111111115,86E,10,8,0,103,27.5,66.8,Partially cloudy,,No wind,office,,Indoor w/ window,,daylight,,,2
555,101,SCENES,20230208,Niloufar Tabandeh,555,Compact setup,,1030,1030_20231027T0930,20231027,930,Timelapse,AB,,0,1,0,0,0,0,1,1,1,Riodejaneiro-BR,-23.011388888888888,-43.321111111111115,86E,10,8,0,103,26.4,70.5,Cloudy,,No wind,office,,Indoor w/ window,,daylight,,,2
556,101,SCENES,20230208,Niloufar Tabandeh,556,Compact setup,,1030,1030_20231027T1000,20231027,1000,Timelapse,AB,,0,1,0,0,0,0,1,1,1,Riodejaneiro-BR,-23.011388888888888,-43.321111111111115,86E,10,8,0,103,25.9,73.5,Cloudy,,No wind,office,,Indoor w/ window,,daylight,,,2
557,101,SCENES,20230208,Niloufar Tabandeh,557,Compact setup,,1030,1030_20231027T1030,20231027,1030,Timelapse,AB,,0,1,0,0,0,0,1,1,1,Riodejaneiro-BR,-23.011388888888888,-43.321111111111115,86E,10,8,0,103,25.8,73.4,Cloudy,,No wind,office,,Indoor w/ window,,daylight,,,2
558,101,SCENES,20230208,Niloufar Tabandeh,558,Compact setup,,1030,1030_20231027T1100,20231027,1100,Timelapse,AB,,0,1,0,0,0,0,1,1,1,Riodejaneiro-BR,-23.011388888888888,-43.321111111111115,86E,10,8,0,103,26.9,68.2,Partially cloudy,,No wind,office,,Indoor w/ window,,daylight,,Depth camera software doesn't work properly,2
559,101,SCENES,20230208,Niloufar Tabandeh,559,Compact setup,,1030,1030_20231027T1130,20231027,1130,Timelapse,AB,,0,1,0,0,0,0,1,1,1,Riodejaneiro-BR,-23.011388888888888,-43.321111111111115,86E,10,8,0,103,27.4,65.8,Partially cloudy,,No wind,office,,Indoor w/ window,,daylight,,Depth camera software doesn't work properly,2
560,101,SCENES,20230208,Niloufar Tabandeh,560,Compact setup,,1030,1030_20231027T1200,20231027,1200,Timelapse,AB,,0,1,0,0,0,0,1,1,1,Riodejaneiro-BR,-23.011388888888888,-43.321111111111115,86E,10,8,0,103,28.8,60.5,Partially cloudy,,No wind,office,,Indoor w/ window,,daylight,,,2
561,101,SCENES,20230208,Niloufar Tabandeh,561,Compact setup,,1030,1030_20231027T1230,20231027,1230,Timelapse,AB,,0,1,0,0,0,0,1,1,1,Riodejaneiro-BR,-23.011388888888888,-43.321111111111115,86E,10,8,0,103,28.5,61.1,Partially cloudy,,No wind,office,,Indoor w/ window,,daylight,,,2
562,101,SCENES,20230208,Niloufar Tabandeh,562,Compact setup,,1030,1030_20231027T1300,20231027,1300,Timelapse,AB,,0,1,0,0,0,0,1,1,1,Riodejaneiro-BR,-23.011388888888888,-43.321111111111115,86E,10,8,0,103,27.9,60.6,Cloudy,,No wind,office,,Indoor w/ window,,daylight,,,2
563,101,SCENES,20230208,Niloufar Tabandeh,563,Compact setup,,1030,1030_20231027T1330,20231027,1330,Timelapse,AB,,0,1,0,0,0,0,1,1,1,Riodejaneiro-BR,-23.011388888888888,-43.321111111111115,86E,10,8,0,103,26.7,63.4,Cloudy,,No wind,office,,Indoor w/ window,,daylight,,,2
564,101,SCENES,20230208,Niloufar Tabandeh,564,Compact setup,,1030,1030_20231027T1400,20231027,1400,Timelapse,AB,,0,1,0,0,0,0,1,1,1,Riodejaneiro-BR,-23.011388888888888,-43.321111111111115,86E,10,8,0,103,26.1,66.3,Cloudy,,No wind,office,,Indoor w/ window,,daylight,,,2
565,101,SCENES,20230208,Niloufar Tabandeh,565,Compact setup,,1031,1031_20231029T0430,20231029,430,Timelapse,AB,,0,1,0,0,0,0,1,1,1,Riodejaneiro-BR,-23.011388888888888,-43.321111111111115,86E,10,8,0,92,26.1,80.3,Partially cloudy,,No wind,office,,Indoor w/ window,,daylight,,,2
566,101,SCENES,20230208,Niloufar Tabandeh,566,Compact setup,,1031,1031_20231029T0500,20231029,500,Timelapse,AB,,0,1,0,0,0,0,1,1,1,Riodejaneiro-BR,-23.011388888888888,-43.321111111111115,86E,10,8,0,92,26,80.8,Partially cloudy,,No wind,office,,Indoor w/ window,,daylight,,Depth camera software doesn't work properly,2
567,101,SCENES,20230208,Niloufar Tabandeh,567,Compact setup,,1031,1031_20231029T0530,20231029,530,Timelapse,AB,,0,1,0,0,0,0,1,1,0,Riodejaneiro-BR,-23.011388888888888,-43.321111111111115,86E,10,8,0,92,27.8,73.9,Partially cloudy,,No wind,office,,Indoor w/ window,,daylight,,,1
568,101,SCENES,20230208,Niloufar Tabandeh,568,Compact setup,,1031,1031_20231029T0600,20231029,600,Timelapse,AB,,0,1,0,0,0,0,1,1,1,Riodejaneiro-BR,-23.011388888888888,-43.321111111111115,86E,10,8,0,92,27.5,74.5,Partially cloudy,,No wind,office,,Indoor w/ window,,daylight,,,2
569,101,SCENES,20230208,Niloufar Tabandeh,569,Compact setup,,1031,1031_20231029T0630,20231029,630,Timelapse,AB,,0,1,0,0,0,0,1,1,1,Riodejaneiro-BR,-23.011388888888888,-43.321111111111115,86E,10,8,0,92,28.4,70.7,Partially cloudy,,No wind,office,,Indoor w/ window,,daylight,,,2
570,101,SCENES,20230208,Niloufar Tabandeh,570,Compact setup,,1031,1031_20231029T0700,20231029,700,Timelapse,AB,,0,1,0,0,0,0,1,1,0,Riodejaneiro-BR,-23.011388888888888,-43.321111111111115,86E,10,8,0,92,28.2,71.5,Partially cloudy,,No wind,office,,Indoor w/ window,,daylight,,,1
571,101,SCENES,20230208,Niloufar Tabandeh,571,Compact setup,,1031,1031_20231029T0730,20231029,730,Timelapse,AB,,0,0,0,0,0,0,1,1,1,Riodejaneiro-BR,-23.011388888888888,-43.321111111111115,86E,10,8,0,92,41.1,38.5,Partially cloudy,,No wind,office,,Indoor w/ window,,daylight,,Gigahertz problem due to high temperature,1
572,101,SCENES,20230208,Niloufar Tabandeh,572,Compact setup,,1031,1031_20231029T0800,20231029,800,Timelapse,AB,,0,1,0,0,0,0,1,1,1,Riodejaneiro-BR,-23.011388888888888,-43.321111111111115,86E,10,8,0,92,40.1,33.1,Partially cloudy,,No wind,office,,Indoor w/ window,,daylight,,Gigahertz problem due to high temperature,2
573,101,SCENES,20230208,Niloufar Tabandeh,573,Compact setup,,1031,1031_20231029T0830,20231029,830,Timelapse,AB,,0,1,0,0,0,0,1,1,1,Riodejaneiro-BR,-23.011388888888888,-43.321111111111115,86E,10,8,0,92,36.1,35.1,Partially cloudy,,No wind,office,,Indoor w/ window,,daylight,,Gigahertz problem due to high temperature,2
574,101,SCENES,20230208,Niloufar Tabandeh,574,Full setup,,1032,1032_20231114T1100,20231114,1100,Timelapse,NT,,0,0,1,1,1,1,1,1,1,Lyon-FR,45.744166666666665,4.902222222222223,36NE,200,1,0,105,21,57.7,Overcast,,No wind,office,,Indoor w/ window,,mixed,,,2
575,101,SCENES,20230208,Niloufar Tabandeh,575,Full setup,,1032,1032_20231114T1130,20231114,1130,Timelapse,NT,,0,0,1,1,1,1,1,1,1,Lyon-FR,45.744166666666665,4.902222222222223,36NE,200,1,0,105,20.8,59,Overcast,,No wind,office,,Indoor w/ window,,mixed,,,2
576,101,SCENES,20230208,Niloufar Tabandeh,576,Full setup,,1032,1032_20231114T1200,20231114,1200,Timelapse,NT,,0,0,1,1,1,1,1,1,1,Lyon-FR,45.744166666666665,4.902222222222223,36NE,200,1,0,105,20.8,59.2,Overcast,,No wind,office,,Indoor w/ window,,mixed,,,2
577,101,SCENES,20230208,Niloufar Tabandeh,577,Full setup,,1032,1032_20231114T1230,20231114,1230,Timelapse,NT,,0,0,1,1,1,1,1,1,1,Lyon-FR,45.744166666666665,4.902222222222223,36NE,200,1,0,105,21,59,Overcast,,No wind,office,,Indoor w/ window,,mixed,,,2
578,101,SCENES,20230208,Niloufar Tabandeh,578,Full setup,,1032,1032_20231114T1300,20231114,1300,Timelapse,NT,,0,0,1,1,1,1,1,1,1,Lyon-FR,45.744166666666665,4.902222222222223,36NE,200,1,0,105,21.3,59,Overcast,,No wind,office,,Indoor w/ window,,mixed,,,2
579,101,SCENES,20230208,Niloufar Tabandeh,579,Full setup,,1032,1032_20231114T1330,20231114,1330,Timelapse,NT,,0,0,1,1,1,1,1,1,1,Lyon-FR,45.744166666666665,4.902222222222223,36NE,200,1,0,105,21.2,59.1,Overcast,,No wind,office,,Indoor w/ window,,mixed,,,2
580,101,SCENES,20230208,Niloufar Tabandeh,580,Full setup,,1032,1032_20231114T1400,20231114,1400,Timelapse,NT,,0,0,1,1,1,1,1,1,1,Lyon-FR,45.744166666666665,4.902222222222223,36NE,200,1,0,105,21,59.1,Overcast,,No wind,office,,Indoor w/ window,,mixed,,,2
581,101,SCENES,20230208,Niloufar Tabandeh,581,Full setup,,1032,1032_20231114T1430,20231114,1430,Timelapse,NT,,0,0,1,1,1,1,1,1,1,Lyon-FR,45.744166666666665,4.902222222222223,36NE,200,1,0,105,21.3,59.1,Overcast,,No wind,office,,Indoor w/ window,,mixed,,,2
582,101,SCENES,20230208,Niloufar Tabandeh,582,Full setup,,1032,1032_20231114T1500,20231114,1500,Timelapse,NT,,0,0,1,1,1,1,1,1,1,Lyon-FR,45.744166666666665,4.902222222222223,36NE,200,1,0,105,20.9,58.9,Drizzling,,No wind,office,,Indoor w/ window,,mixed,,,2
583,101,SCENES,20230208,Niloufar Tabandeh,583,Full setup,,1032,1032_20231114T1530,20231114,1530,Timelapse,NT,,0,0,1,1,1,1,1,1,1,Lyon-FR,45.744166666666665,4.902222222222223,36NE,200,1,0,105,21.4,58.8,Drizzling,,No wind,office,,Indoor w/ window,,mixed,,,2
584,101,SCENES,20230208,Niloufar Tabandeh,584,Full setup,,1032,1032_20231114T1600,20231114,1600,Timelapse,NT,,0,0,1,1,1,1,1,1,1,Lyon-FR,45.744166666666665,4.902222222222223,36NE,200,1,0,105,21.5,58.7,Drizzling,,No wind,office,,Indoor w/ window,,mixed,,,2
585,101,SCENES,20230208,Niloufar Tabandeh,585,Full setup,,1032,1032_20231114T1630,20231114,1630,Timelapse,NT,,0,0,1,1,1,1,1,1,1,Lyon-FR,45.744166666666665,4.902222222222223,36NE,200,1,0,105,21.7,58.4,Rainy,,No wind,office,,Indoor w/ window,,mixed,, WP problem was solved by reopening the software,2
586,101,SCENES,20230208,Niloufar Tabandeh,586,Full setup,,1032,1032_20231114T1700,20231114,1700,Timelapse,NT,,0,0,1,1,1,1,1,1,1,Lyon-FR,45.744166666666665,4.902222222222223,36NE,200,1,0,105,21.6,58.3,Drizzling,,No wind,office,,Indoor w/ window,,mixed,,,2
587,101,SCENES,20230208,Niloufar Tabandeh,587,Full setup,,1032,1032_20231114T1730,20231114,1730,Timelapse,NT,,0,0,1,1,1,1,1,1,1,Lyon-FR,45.744166666666665,4.902222222222223,36NE,200,1,0,105,21.3,57.7,Overcast,,No wind,office,,Indoor w/ window,,electriclight,,,2
588,101,SCENES,20230208,Niloufar Tabandeh,588,Full setup,,1033,1033_20231115T1015,20231115,1015,Trajectory,NT,,0,0,1,1,1,1,1,1,1,Lyon-FR,45.743611111111115,4.901944444444445,196S,190,0,0,120,13.3,72.1,Partially cloudy,,No wind,countryside,,Outdoor,,daylight,,,2
589,101,SCENES,20230208,Niloufar Tabandeh,589,Full setup,,1033,1033_20231115T1030,20231115,1030,Trajectory,NT,,0,0,1,1,1,1,1,1,1,Lyon-FR,45.74333333333333,4.901944444444445,269W,190,0,0,120,14.8,64.2,Partially cloudy,,No wind,countryside,,Outdoor,,daylight,,,2
590,101,SCENES,20230208,Niloufar Tabandeh,590,Full setup,,1033,1033_20231115T1100,20231115,1100,Trajectory,NT,,0,0,1,1,1,1,1,1,1,Lyon-FR,45.744166666666665,4.902222222222223,244SW,200,1,0,110,20.3,54.1,Partially cloudy,,No wind,office,,Indoor w/ window,,mixed,,,2
591,101,SCENES,20230208,Niloufar Tabandeh,591,Full setup,,1033,1033_20231115T1130,20231115,1130,Trajectory,NT,,0,0,1,1,1,1,1,1,1,Lyon-FR,45.744166666666665,4.902222222222223,244SW,200,1,0,110,21.3,50.3,Partially cloudy,,No wind,office,,Indoor w/ window,,mixed,,,2
592,101,SCENES,20230208,Niloufar Tabandeh,592,Full setup,,1033,1033_20231115T1200,20231115,1200,Trajectory,NT,,0,0,1,1,1,1,1,1,1,Lyon-FR,45.744166666666665,4.902222222222223,244SW,200,1,0,110,21.9,48.2,Partially cloudy,,No wind,office,,Indoor w/ window,,mixed,,,2
593,101,SCENES,20230208,Niloufar Tabandeh,593,Full setup,,1033,1033_20231115T1230,20231115,1230,Trajectory,NT,,0,0,1,1,1,1,1,1,1,Lyon-FR,45.744166666666665,4.902222222222223,244SW,200,1,0,110,22.3,46.7,Partially cloudy,,No wind,office,,Indoor w/ window,,mixed,,,2
594,101,SCENES,20230208,Niloufar Tabandeh,594,Full setup,,1033,1033_20231115T1300,20231115,1300,Trajectory,NT,,0,0,1,1,1,1,1,1,1,Lyon-FR,45.744166666666665,4.902222222222223,244SW,200,1,0,110,22.5,46,Partially cloudy,,No wind,office,,Indoor w/ window,,mixed,,,2
595,101,SCENES,20230208,Niloufar Tabandeh,595,Full setup,,1033,1033_20231115T1330,20231115,1330,Trajectory,NT,,0,0,1,1,1,1,1,1,1,Lyon-FR,45.743611111111115,4.902500000000001,29NE,190,0,0,120,21.6,45.3,Partially cloudy,,No wind,kitchen,,Indoor w/ window,,mixed,,,2
596,101,SCENES,20230208,Niloufar Tabandeh,596,Full setup,,1033,1033_20231115T1400,20231115,1400,Trajectory,NT,,0,0,1,1,1,1,1,1,1,Lyon-FR,45.744166666666665,4.902222222222223,249W,190,0,0,120,26.4,28.3,Partially cloudy,,No wind,countryside,,Outdoor,,daylight,,,2
597,101,SCENES,20230208,Niloufar Tabandeh,597,Full setup,,1033,1033_20231115T1430,20231115,1430,Trajectory,NT,,0,0,1,1,1,1,1,1,1,Lyon-FR,45.744166666666665,4.902222222222223,249W,190,0,0,120,25.2,32,Partially cloudy,,No wind,countryside,,Outdoor,,daylight,,,2
598,101,SCENES,20230208,Niloufar Tabandeh,598,Full setup,,1033,1033_20231115T1500,20231115,1500,Trajectory,NT,,0,0,1,1,1,1,1,1,1,Lyon-FR,45.743611111111115,4.902500000000001,257W,200,1,0,110,23.1,46.3,Partially cloudy,,No wind,office,,Indoor w/ window,,mixed,,,2
599,101,SCENES,20230208,Niloufar Tabandeh,599,Full setup,,1033,1033_20231115T1530,20231115,1530,Trajectory,NT,,0,0,1,1,1,1,1,1,1,Lyon-FR,45.743611111111115,4.902500000000001,257W,200,1,0,110,23.1,46.7,Partially cloudy,,No wind,office,,Indoor w/ window,,mixed,,,2
600,101,SCENES,20230208,Niloufar Tabandeh,600,Full setup,,1033,1033_20231115T1600,20231115,1600,Trajectory,NT,,0,0,1,1,1,1,1,1,1,Lyon-FR,45.743611111111115,4.902500000000001,257W,200,1,0,110,23.2,43.1,Partially cloudy,,No wind,office,,Indoor w/ window,,mixed,,,2
601,101,SCENES,20230208,Niloufar Tabandeh,601,Full setup,,1033,1033_20231115T1630,20231115,1630,Trajectory,NT,,0,0,1,1,1,1,1,1,1,Lyon-FR,45.743611111111115,4.902500000000001,257W,200,1,0,110,23.2,42.9,Partially cloudy,,No wind,office,,Indoor w/ window,,mixed,,,2
602,101,SCENES,20230208,Niloufar Tabandeh,602,Full setup,,1033,1033_20231115T1700,20231115,1700,Trajectory,NT,,0,0,1,1,1,1,1,1,1,Lyon-FR,45.743611111111115,4.901944444444445,199S,190,0,0,120,17.7,47.5,Partially cloudy,,No wind,countryside,,Outdoor,,daylight,,,2
603,101,SCENES,20230208,Niloufar Tabandeh,603,Full setup,,1033,1033_20231115T1730,20231115,1730,Trajectory,NT,,0,0,1,1,1,1,1,1,1,Lyon-FR,45.74333333333333,4.901944444444445,247SW,190,0,0,120,12.6,68,Partially cloudy,,No wind,countryside,,Outdoor,,daylight,,,2
604,101,SCENES,20230208,Niloufar Tabandeh,604,Full setup,,1034,1034_20231117T1000,20231117,1000,Timelapse,NT,,0,0,1,1,1,1,1,1,1,Lyon-FR,45.743611111111115,4.902500000000001,186S,190,0,0,120,16.1,54.6,Partially cloudy,,No wind,countryside,,Outdoor,,daylight,,,2
605,101,SCENES,20230208,Niloufar Tabandeh,605,Full setup,,1034,1034_20231117T1030,20231117,1030,Timelapse,NT,,0,0,1,1,1,1,1,1,1,Lyon-FR,45.743611111111115,4.902500000000001,186S,190,0,0,120,13.3,61.7,Partially cloudy,,No wind,countryside,,Outdoor,,daylight,,,2
606,101,SCENES,20230208,Niloufar Tabandeh,606,Full setup,,1034,1034_20231117T1100,20231117,1100,Timelapse,NT,,0,0,1,1,1,1,1,1,1,Lyon-FR,45.743611111111115,4.902500000000001,186S,190,0,0,120,13.2,64.4,Partially cloudy,,No wind,countryside,,Outdoor,,daylight,,,2
607,101,SCENES,20230208,Niloufar Tabandeh,607,Full setup,,1034,1034_20231117T1130,20231117,1130,Timelapse,NT,,0,0,1,1,1,1,1,1,1,Lyon-FR,45.743611111111115,4.902500000000001,186S,190,0,0,120,13.8,60,Partially cloudy,,No wind,countryside,,Outdoor,,daylight,,,2
608,101,SCENES,20230208,Niloufar Tabandeh,608,Full setup,,1034,1034_20231117T1200,20231117,1200,Timelapse,NT,,0,0,1,1,1,1,1,1,1,Lyon-FR,45.743611111111115,4.902500000000001,186S,190,0,0,120,12,62.7,Cloudy,,No wind,countryside,,Outdoor,,daylight,,,2
609,101,SCENES,20230208,Niloufar Tabandeh,609,Full setup,,1034,1034_20231117T1230,20231117,1230,Timelapse,NT,,0,0,1,1,1,1,1,1,1,Lyon-FR,45.743611111111115,4.902500000000001,186S,190,0,0,120,11.9,63.5,Cloudy,,No wind,countryside,,Outdoor,,daylight,,,2
610,101,SCENES,20230208,Niloufar Tabandeh,610,Full setup,,1034,1034_20231117T1300,20231117,1300,Timelapse,NT,,0,0,1,1,1,1,1,1,1,Lyon-FR,45.743611111111115,4.902500000000001,186S,190,0,0,120,12.7,64.6,Partially cloudy,,No wind,countryside,,Outdoor,,daylight,,,2
611,101,SCENES,20230208,Niloufar Tabandeh,611,Full setup,,1034,1034_20231117T1330,20231117,1330,Timelapse,NT,,0,0,1,1,1,1,1,1,1,Lyon-FR,45.743611111111115,4.902500000000001,186S,190,0,0,120,12.1,62.2,Cloudy,,No wind,countryside,,Outdoor,,daylight,,,2
612,101,SCENES,20230208,Niloufar Tabandeh,612,Full setup,,1034,1034_20231117T1400,20231117,1400,Timelapse,NT,,0,0,1,1,1,1,1,1,1,Lyon-FR,45.743611111111115,4.902500000000001,186S,190,0,0,120,11.8,69.2,Cloudy,,No wind,countryside,,Outdoor,,daylight,,,2
613,101,SCENES,20230208,Niloufar Tabandeh,613,Full setup,,1034,1034_20231117T1430,20231117,1430,Timelapse,NT,,0,0,1,1,1,1,1,1,1,Lyon-FR,45.743611111111115,4.902500000000001,186S,190,0,0,120,12.3,65.5,Partially cloudy,,No wind,countryside,,Outdoor,,daylight,,,2
614,101,SCENES,20230208,Niloufar Tabandeh,614,Full setup,,1034,1034_20231117T1500,20231117,1500,Timelapse,NT,,0,0,1,1,1,1,1,1,1,Lyon-FR,45.743611111111115,4.902500000000001,186S,190,0,0,120,11.8,64.7,Cloudy,,No wind,countryside,,Outdoor,,daylight,,,2
615,101,SCENES,20230208,Niloufar Tabandeh,615,Full setup,,1034,1034_20231117T1530,20231117,1530,Timelapse,NT,,0,0,1,1,1,1,1,1,1,Lyon-FR,45.743611111111115,4.902500000000001,186S,190,0,0,120,12.1,62.7,Partially cloudy,,No wind,countryside,,Outdoor,,daylight,,,2
616,101,SCENES,20230208,Niloufar Tabandeh,616,Full setup,,1034,1034_20231117T1600,20231117,1600,Timelapse,NT,,0,0,1,1,1,1,1,1,1,Lyon-FR,45.743611111111115,4.902500000000001,186S,190,0,0,120,11.9,63.6,Partially cloudy,,Windy,countryside,,Outdoor,,daylight,,,2
617,101,SCENES,20230208,Niloufar Tabandeh,617,Full setup,,1034,1034_20231117T1630,20231117,1630,Timelapse,NT,,0,0,1,1,1,1,1,1,1,Lyon-FR,45.743611111111115,4.902500000000001,186S,190,0,0,120,10.9,67.3,Partially cloudy,,No wind,countryside,,Outdoor,,daylight,,,2
618,101,SCENES,20230208,Niloufar Tabandeh,618,Full setup,,1034,1034_20231117T1700,20231117,1700,Timelapse,NT,,0,0,1,1,1,1,1,1,1,Lyon-FR,45.743611111111115,4.902500000000001,186S,190,0,0,120,10.6,73.2,Partially cloudy,,No wind,countryside,,Outdoor,,daylight,,,2
619,101,SCENES,20230208,Niloufar Tabandeh,619,Full setup,,1035,1035_20231120T1000,20231120,1000,Timelapse,NT,,0,0,1,1,1,1,1,1,1,Lyon-FR,45.77861111111111,4.924166666666667,334NW,170,0,0,110,18.4,56.5,Foggy,,No wind,office,,Indoor w/o window,,mixed,,,2
620,101,SCENES,20230208,Niloufar Tabandeh,620,Full setup,,1035,1035_20231120T1030,20231120,1030,Timelapse,NT,,0,0,1,1,1,1,1,1,1,Lyon-FR,45.77861111111111,4.924166666666667,334NW,170,0,0,110,18.7,55.3,Foggy,,No wind,office,,Indoor w/o window,,mixed,,,2
621,101,SCENES,20230208,Niloufar Tabandeh,621,Full setup,,1035,1035_20231120T1100,20231120,1100,Timelapse,NT,,0,0,1,1,1,1,1,1,1,Lyon-FR,45.77861111111111,4.924166666666667,334NW,170,0,0,110,19.2,54,Overcast,,No wind,office,,Indoor w/o window,,mixed,,,2
622,101,SCENES,20230208,Niloufar Tabandeh,622,Full setup,,1035,1035_20231120T1130,20231120,1130,Timelapse,NT,,0,0,1,1,1,1,1,1,1,Lyon-FR,45.77861111111111,4.924166666666667,334NW,170,0,0,110,19.6,52.7,Overcast,,No wind,office,,Indoor w/o window,,mixed,,,2
623,101,SCENES,20230208,Niloufar Tabandeh,623,Full setup,,1035,1035_20231120T1200,20231120,1200,Timelapse,NT,,0,0,1,1,1,1,1,1,1,Lyon-FR,45.77861111111111,4.924166666666667,334NW,170,0,0,110,19.9,52.1,Overcast,,No wind,office,,Indoor w/o window,,mixed,,,2
624,101,SCENES,20230208,Niloufar Tabandeh,624,Full setup,,1035,1035_20231120T1230,20231120,1230,Timelapse,NT,,0,0,1,1,1,1,1,1,1,Lyon-FR,45.77861111111111,4.924166666666667,334NW,170,0,0,110,19.8,52.3,Overcast,,No wind,office,,Indoor w/o window,,mixed,,,2
625,101,SCENES,20230208,Niloufar Tabandeh,625,Full setup,,1035,1035_20231120T1300,20231120,1300,Timelapse,NT,,0,0,1,1,1,1,1,1,1,Lyon-FR,45.77861111111111,4.924166666666667,334NW,170,0,0,110,20,52,Overcast,,No wind,office,,Indoor w/o window,,mixed,,,2
626,101,SCENES,20230208,Niloufar Tabandeh,626,Full setup,,1035,1035_20231120T1330,20231120,1330,Timelapse,NT,,0,0,1,1,1,1,1,1,1,Lyon-FR,45.77861111111111,4.924166666666667,334NW,170,0,0,110,20,52.6,Overcast,,No wind,office,,Indoor w/o window,,mixed,,,2
627,101,SCENES,20230208,Niloufar Tabandeh,627,Full setup,,1035,1035_20231120T1400,20231120,1400,Timelapse,NT,,0,0,1,1,1,1,1,1,1,Lyon-FR,45.77861111111111,4.924166666666667,334NW,170,0,0,110,20.1,52.5,Overcast,,No wind,office,,Indoor w/o window,,mixed,,,2
628,101,SCENES,20230208,Niloufar Tabandeh,628,Full setup,,1035,1035_20231120T1430,20231120,1430,Timelapse,NT,,0,0,1,1,1,1,1,1,1,Lyon-FR,45.77861111111111,4.924166666666667,334NW,170,0,0,110,20.2,52.7,Overcast,,No wind,office,,Indoor w/o window,,mixed,,,2
629,101,SCENES,20230208,Niloufar Tabandeh,629,Full setup,,1035,1035_20231120T1500,20231120,1500,Timelapse,NT,,0,0,1,1,1,1,1,1,1,Lyon-FR,45.77861111111111,4.924166666666667,334NW,170,0,0,110,20.2,52.8,Overcast,,No wind,office,,Indoor w/o window,,mixed,,,2
630,101,SCENES,20230208,Niloufar Tabandeh,630,Full setup,,1035,1035_20231120T1530,20231120,1530,Timelapse,NT,,0,0,1,1,1,1,1,1,1,Lyon-FR,45.77861111111111,4.924166666666667,334NW,170,0,0,110,20.2,52.6,Overcast,,No wind,office,,Indoor w/o window,,mixed,,,2
631,101,SCENES,20230208,Niloufar Tabandeh,631,Full setup,,1035,1035_20231120T1600,20231120,1600,Timelapse,NT,,0,0,1,1,1,1,1,1,1,Lyon-FR,45.77861111111111,4.924166666666667,334NW,170,0,0,110,20.5,52.5,Overcast,,No wind,office,,Indoor w/o window,,mixed,,,2
632,101,SCENES,20230208,Niloufar Tabandeh,632,Full setup,,1035,1035_20231120T1630,20231120,1630,Timelapse,NT,,0,0,1,1,1,1,1,1,1,Lyon-FR,45.77861111111111,4.924166666666667,334NW,170,0,0,110,20.4,52.5,Overcast,,No wind,office,,Indoor w/o window,,mixed,,,2
633,101,SCENES,20230208,Niloufar Tabandeh,633,Full setup,,1035,1035_20231120T1700,20231120,1700,Timelapse,NT,,0,0,1,1,1,1,1,1,1,Lyon-FR,45.77861111111111,4.924166666666667,334NW,170,0,0,110,20.3,52.8,Overcast,,No wind,office,,Indoor w/o window,,mixed,,,2
634,101,SCENES,20230208,Niloufar Tabandeh,634,Full setup,,1036,1036_20231121T0900,20231121,900,Trajectory,NT,,0,0,1,1,1,1,1,1,1,Lyon-FR,45.77916666666667,4.924166666666667,108E,170,0,0,120,12.9,72.2,Drizzling,,No wind,countryside,,Outdoor,,daylight,,,2
635,101,SCENES,20230208,Niloufar Tabandeh,635,Full setup,,1036,1036_20231121T0930,20231121,930,Trajectory,NT,,0,0,1,1,1,1,1,1,1,Lyon-FR,45.77861111111111,4.9225,93E,170,0,0,120,10.2,86.6,Drizzling,,No wind,city,,Outdoor,,daylight,,,2
636,101,SCENES,20230208,Niloufar Tabandeh,636,Full setup,,1036,1036_20231121T1000,20231121,1000,Trajectory,NT,,0,0,1,1,1,1,1,1,1,Lyon-FR,45.77833333333333,4.923055555555556,252W,170,2,0,110,18.2,54,Rainy,,No wind,conference room,,Indoor w/ window,,mixed,,,2
637,101,SCENES,20230208,Niloufar Tabandeh,637,Full setup,,1036,1036_20231121T1030,20231121,1030,Trajectory,NT,,0,0,1,1,1,1,1,1,1,Lyon-FR,45.77833333333333,4.923055555555556,252W,170,2,0,110,18.8,51.9,Cloudy,,No wind,conference room,,Indoor w/ window,,mixed,,,2
638,101,SCENES,20230208,Niloufar Tabandeh,638,Full setup,,1036,1036_20231121T1100,20231121,1100,Trajectory,NT,,0,0,1,1,1,1,1,1,1,Lyon-FR,45.77833333333333,4.923055555555556,252W,170,2,0,110,19.1,54,Partially cloudy,,No wind,conference room,,Indoor w/ window,,mixed,,,2
639,101,SCENES,20230208,Niloufar Tabandeh,639,Full setup,,1036,1036_20231121T1130,20231121,1130,Trajectory,NT,,0,0,1,1,1,1,1,1,1,Lyon-FR,45.77833333333333,4.923055555555556,252W,170,2,0,110,19.6,48.8,Cloudy,,Windy,conference room,,Indoor w/ window,,mixed,,,2
640,101,SCENES,20230208,Niloufar Tabandeh,640,Full setup,,1036,1036_20231121T1200,20231121,1200,Trajectory,NT,,0,0,1,1,1,1,1,1,1,Lyon-FR,45.77833333333333,4.923055555555556,252W,170,2,0,110,19.6,48.4,Partially cloudy,,Windy,conference room,,Indoor w/ window,,mixed,,,2
641,101,SCENES,20230208,Niloufar Tabandeh,641,Full setup,,1036,1036_20231121T1230,20231121,1230,Trajectory,NT,,0,0,1,1,1,1,1,1,1,Lyon-FR,45.77833333333333,4.923055555555556,252W,170,2,0,110,19.5,48.5,Cloudy,,No wind,conference room,,Indoor w/ window,,mixed,,,2
642,101,SCENES,20230208,Niloufar Tabandeh,642,Full setup,,1036,1036_20231121T1300,20231121,1300,Trajectory,NT,,0,0,1,1,1,1,1,1,1,Lyon-FR,45.77833333333333,4.921944444444445,200S,170,0,0,120,18.4,60.1,Cloudy,,No wind,corridor,,Indoor w/ window,,daylight,,,2
643,101,SCENES,20230208,Niloufar Tabandeh,643,Full setup,,1036,1036_20231121T1330,20231121,1330,Trajectory,NT,,0,0,1,1,1,1,1,1,1,Lyon-FR,45.77833333333333,4.923055555555556,48NE,170,0,0,120,12.7,70.9,Cloudy,,Windy,city,,Outdoor,,daylight,,,2
644,101,SCENES,20230208,Niloufar Tabandeh,644,Full setup,,1036,1036_20231121T1400,20231121,1400,Trajectory,NT,,0,0,1,1,1,1,1,1,1,Lyon-FR,45.77833333333333,4.923055555555556,279W,170,2,0,110,19,51.6,Partially cloudy,,Windy,conference room,,Indoor w/ window,,mixed,,,2
645,101,SCENES,20230208,Niloufar Tabandeh,645,Full setup,,1036,1036_20231121T1430,20231121,1430,Trajectory,NT,,0,0,1,1,1,1,1,1,1,Lyon-FR,45.77833333333333,4.923055555555556,279W,170,2,0,110,19.6,49.3,Partially cloudy,,Windy,conference room,,Indoor w/ window,,mixed,,,2
646,101,SCENES,20230208,Niloufar Tabandeh,646,Full setup,,1036,1036_20231121T1500,20231121,1500,Trajectory,NT,,0,0,1,1,1,1,1,1,1,Lyon-FR,45.77833333333333,4.923055555555556,279W,170,2,0,110,19.9,48.8,Cloudy,,Windy,conference room,,Indoor w/ window,,mixed,,,2
647,101,SCENES,20230208,Niloufar Tabandeh,647,Full setup,,1036,1036_20231121T1530,20231121,1530,Trajectory,NT,,0,0,1,1,1,1,1,1,1,Lyon-FR,45.77833333333333,4.923055555555556,279W,170,2,0,110,19.8,48.7,Cloudy,,Windy,conference room,,Indoor w/ window,,mixed,,,2
648,101,SCENES,20230208,Niloufar Tabandeh,648,Full setup,,1036,1036_20231121T1600,20231121,1600,Trajectory,NT,,0,0,1,1,1,1,1,1,1,Lyon-FR,45.77833333333333,4.923055555555556,279W,170,2,0,110,19.3,49.2,Partially cloudy,,Windy,conference room,,Indoor w/ window,,mixed,,,2
649,101,SCENES,20230208,Niloufar Tabandeh,649,Full setup,,1036,1036_20231121T1630,20231121,1630,Trajectory,NT,,0,0,1,1,1,1,1,1,1,Lyon-FR,45.77833333333333,4.922777777777778,283W,170,0,0,120,10.1,77.8,Cloudy,,No wind,city,,Outdoor,,daylight,,,2
650,101,SCENES,20230208,Niloufar Tabandeh,650,Full setup,,1036,1036_20231121T1700,20231121,1700,Trajectory,NT,,0,0,1,1,1,1,1,1,1,Lyon-FR,45.77833333333333,4.922777777777778,283W,170,0,0,120,9.5,79.7,Cloudy,,No wind,city,,Outdoor,,daylight,,,2
651,101,SCENES,20230208,Niloufar Tabandeh,651,Full setup,,1037,1037_20231122T0930,20231122,930,Timelapse,NT,,0,0,1,1,1,1,1,1,1,Lyon-FR,45.77861111111111,4.923611111111112,350N,170,0,0,110,18.8,50.5,Cloudy,,Windy,office,,Indoor w/o window,,mixed,,,2
652,101,SCENES,20230208,Niloufar Tabandeh,652,Full setup,,1037,1037_20231122T1000,20231122,1000,Timelapse,NT,,0,0,1,1,1,1,1,1,1,Lyon-FR,45.77861111111111,4.923611111111112,350N,170,0,0,110,18.7,51,Cloudy,,Windy,office,,Indoor w/o window,,mixed,,,2
653,101,SCENES,20230208,Niloufar Tabandeh,653,Full setup,,1037,1037_20231122T1030,20231122,1030,Timelapse,NT,,0,0,1,1,1,1,1,1,1,Lyon-FR,45.77861111111111,4.923611111111112,350N,170,0,0,110,18.9,50,Cloudy,,Windy,office,,Indoor w/o window,,mixed,,,2
654,101,SCENES,20230208,Niloufar Tabandeh,654,Full setup,,1037,1037_20231122T1100,20231122,1100,Timelapse,NT,,0,0,1,1,1,1,1,1,1,Lyon-FR,45.77861111111111,4.923611111111112,350N,170,0,0,110,19.2,49.3,Cloudy,,Windy,office,,Indoor w/o window,,mixed,,,2
655,101,SCENES,20230208,Niloufar Tabandeh,655,Full setup,,1037,1037_20231122T1130,20231122,1130,Timelapse,NT,,0,0,1,1,1,1,1,1,1,Lyon-FR,45.77861111111111,4.923611111111112,350N,170,0,0,110,19.4,48.6,Cloudy,,Windy,office,,Indoor w/o window,,mixed,,,2
656,101,SCENES,20230208,Niloufar Tabandeh,656,Full setup,,1037,1037_20231122T1200,20231122,1200,Timelapse,NT,,0,0,1,1,1,1,1,1,1,Lyon-FR,45.77861111111111,4.923611111111112,350N,170,0,0,110,19.5,48.2,Clear,,Windy,office,,Indoor w/o window,,mixed,,,2
657,101,SCENES,20230208,Niloufar Tabandeh,657,Full setup,,1037,1037_20231122T1230,20231122,1230,Timelapse,NT,,0,0,1,1,1,1,1,1,1,Lyon-FR,45.77861111111111,4.923611111111112,350N,170,0,0,110,19.6,47.7,Clear,,Windy,office,,Indoor w/o window,,mixed,,,2
658,101,SCENES,20230208,Niloufar Tabandeh,658,Full setup,,1037,1037_20231122T1300,20231122,1300,Timelapse,NT,,0,0,1,1,1,1,1,1,1,Lyon-FR,45.77861111111111,4.923611111111112,350N,170,0,0,110,20.3,45.9,Clear,,Windy,office,,Indoor w/o window,,mixed,,,2
659,101,SCENES,20230208,Niloufar Tabandeh,659,Full setup,,1037,1037_20231122T1330,20231122,1330,Timelapse,NT,,0,0,1,1,1,1,1,1,1,Lyon-FR,45.77861111111111,4.923611111111112,350N,170,0,0,110,20.6,45,Clear,,Windy,office,,Indoor w/o window,,mixed,,,2
660,101,SCENES,20230208,Niloufar Tabandeh,660,Full setup,,1037,1037_20231122T1400,20231122,1400,Timelapse,NT,,0,0,1,1,1,1,1,1,1,Lyon-FR,45.77861111111111,4.923611111111112,350N,170,0,0,110,21.1,44.4,Clear,,Windy,office,,Indoor w/o window,,mixed,,,2
661,101,SCENES,20230208,Niloufar Tabandeh,661,Full setup,,1037,1037_20231122T1430,20231122,1430,Timelapse,NT,,0,0,1,1,1,1,1,1,1,Lyon-FR,45.77861111111111,4.923611111111112,350N,170,0,0,110,21.5,42.1,Clear,,Windy,office,,Indoor w/o window,,mixed,,,2
662,101,SCENES,20230208,Niloufar Tabandeh,662,Full setup,,1037,1037_20231122T1500,20231122,1500,Timelapse,NT,,0,0,1,1,1,1,1,1,1,Lyon-FR,45.77861111111111,4.923611111111112,350N,170,0,0,110,21.3,42.8,Partially cloudy,,Windy,office,,Indoor w/o window,,mixed,,,2
663,101,SCENES,20230208,Niloufar Tabandeh,663,Full setup,,1037,1037_20231122T1530,20231122,1530,Timelapse,NT,,0,0,1,1,1,1,1,1,1,Lyon-FR,45.77861111111111,4.923611111111112,350N,170,0,0,110,21.6,42.4,Partially cloudy,,Windy,office,,Indoor w/o window,,mixed,,,2
664,101,SCENES,20230208,Niloufar Tabandeh,664,Full setup,,1037,1037_20231122T1600,20231122,1600,Timelapse,NT,,0,0,1,1,1,1,1,1,1,Lyon-FR,45.77861111111111,4.923611111111112,350N,170,0,0,110,20.9,42.1,Partially cloudy,,Windy,office,,Indoor w/o window,,mixed,,,2
665,101,SCENES,20230208,Niloufar Tabandeh,665,Full setup,,1037,1037_20231122T1630,20231122,1630,Timelapse,NT,,0,0,1,1,1,1,1,1,1,Lyon-FR,45.77861111111111,4.923611111111112,350N,170,0,0,110,20.6,42.5,Partially cloudy,,Windy,office,,Indoor w/o window,,mixed,,,2
666,101,SCENES,20230208,Niloufar Tabandeh,666,Full setup,,1037,1037_20231122T1700,20231122,1700,Timelapse,NT,,0,0,1,1,1,1,1,1,1,Lyon-FR,45.77861111111111,4.923611111111112,350N,170,0,0,110,20.2,42.8,Partially cloudy,,Windy,office,,Indoor w/o window,,mixed,,,2
667,101,SCENES,20230208,Niloufar Tabandeh,667,Full setup,,1038,1038_20231202T1000,20231202,1000,Timelapse,NT,,0,0,1,1,1,1,1,1,1,Tübingen-DE,48.5375,9.06,120SE,450,2,0,120,-0.7,81.2,Snowy,,No wind,countryside,,Outdoor,,daylight,,,2
668,101,SCENES,20230208,Niloufar Tabandeh,668,Full setup,,1038,1038_20231202T1030,20231202,1030,Timelapse,NT,,0,0,1,1,1,1,1,1,1,Tübingen-DE,48.5375,9.06,120SE,450,2,0,120,-1.2,84,Snowy,,No wind,countryside,,Outdoor,,daylight,,,2
669,101,SCENES,20230208,Niloufar Tabandeh,669,Full setup,,1038,1038_20231202T1100,20231202,1100,Timelapse,NT,,0,0,1,1,1,1,1,1,1,Tübingen-DE,48.5375,9.06,120SE,450,2,0,120,-1.3,83.8,Snowy,,No wind,countryside,,Outdoor,,daylight,,,2
670,101,SCENES,20230208,Niloufar Tabandeh,670,Full setup,,1038,1038_20231202T1130,20231202,1130,Timelapse,NT,,0,0,1,1,1,1,1,1,1,Tübingen-DE,48.5375,9.06,120SE,450,2,0,120,-0.8,82.6,Snowy,,No wind,countryside,,Outdoor,,daylight,,,2
671,101,SCENES,20230208,Niloufar Tabandeh,671,Full setup,,1038,1038_20231202T1200,20231202,1200,Timelapse,NT,,0,0,1,1,1,1,1,1,1,Tübingen-DE,48.5375,9.06,120SE,450,2,0,120,-0.6,79.2,Snowy,,No wind,countryside,,Outdoor,,daylight,,,2
672,101,SCENES,20230208,Niloufar Tabandeh,672,Full setup,,1038,1038_20231202T1230,20231202,1230,Timelapse,NT,,0,0,1,1,1,1,1,1,1,Tübingen-DE,48.5375,9.06,120SE,450,2,0,120,-1.3,82.4,Snowy,,No wind,countryside,,Outdoor,,daylight,,,2
673,101,SCENES,20230208,Niloufar Tabandeh,673,Full setup,,1038,1038_20231202T1300,20231202,1300,Timelapse,NT,,0,0,1,1,1,1,1,1,1,Tübingen-DE,48.5375,9.06,120SE,450,2,0,120,-1.4,82.1,Snowy,,No wind,countryside,,Outdoor,,daylight,,,2
674,101,SCENES,20230208,Niloufar Tabandeh,674,Full setup,,1038,1038_20231202T1330,20231202,1330,Timelapse,NT,,0,0,1,1,1,1,1,1,1,Tübingen-DE,48.5375,9.06,120SE,450,2,0,120,-1.7,82.7,Snowy,,No wind,countryside,,Outdoor,,daylight,,,2
675,101,SCENES,20230208,Niloufar Tabandeh,675,Full setup,,1038,1038_20231202T1400,20231202,1400,Timelapse,NT,,0,0,1,1,1,1,1,1,1,Tübingen-DE,48.5375,9.06,120SE,450,2,0,120,-1.9,83.6,Snowy,,No wind,countryside,,Outdoor,,daylight,,,2
676,101,SCENES,20230208,Niloufar Tabandeh,676,Full setup,,1038,1038_20231202T1430,20231202,1430,Timelapse,NT,,0,0,1,1,1,1,1,1,1,Tübingen-DE,48.5375,9.06,120SE,450,2,0,120,-1.8,81.5,Snowy,,No wind,countryside,,Outdoor,,daylight,,,2
677,101,SCENES,20230208,Niloufar Tabandeh,677,Full setup,,1038,1038_20231202T1500,20231202,1500,Timelapse,NT,,0,0,1,1,1,1,1,1,1,Tübingen-DE,48.5375,9.06,120SE,450,2,0,120,-1.8,83,Snowy,,No wind,countryside,,Outdoor,,daylight,,,2
678,101,SCENES,20230208,Niloufar Tabandeh,678,Full setup,,1038,1038_20231202T1530,20231202,1530,Timelapse,NT,,0,0,1,1,1,1,1,1,1,Tübingen-DE,48.5375,9.06,120SE,450,2,0,120,-2.3,81.1,Snowy,,No wind,countryside,,Outdoor,,daylight,,,2
679,101,SCENES,20230208,Niloufar Tabandeh,679,Full setup,,1038,1038_20231202T1600,20231202,1600,Timelapse,NT,,0,0,1,1,1,1,1,1,1,Tübingen-DE,48.5375,9.06,120SE,450,2,0,120,-2.4,82.1,Snowy,,No wind,countryside,,Outdoor,,daylight,,,2
680,101,SCENES,20230208,Niloufar Tabandeh,680,Full setup,,1038,1038_20231202T1630,20231202,1630,Timelapse,NT,,0,0,1,1,1,1,1,1,1,Tübingen-DE,48.5375,9.06,120SE,450,2,0,120,-2.6,81.3,Snowy,,No wind,countryside,,Outdoor,,daylight,,,2
681,101,SCENES,20230208,Niloufar Tabandeh,681,Full setup,,1038,1038_20231202T1700,20231202,1700,Timelapse,NT,,0,0,1,1,1,1,1,1,1,Tübingen-DE,48.5375,9.06,120SE,450,2,0,120,-2.8,83.8,Snowy,,No wind,countryside,,Outdoor,,daylight,,,2
682,101,SCENES,20230208,Niloufar Tabandeh,682,Full setup,,1038,1038_20231202T1730,20231202,1730,Timelapse,NT,,0,0,1,1,1,1,1,1,1,Tübingen-DE,48.5375,9.06,120SE,450,2,0,120,-3,82.8,Snowy,,No wind,countryside,,Outdoor,,mixed,,,2
683,101,SCENES,20230208,Niloufar Tabandeh,683,Full setup,,1038,1038_20231202T1800,20231202,1800,Timelapse,NT,,0,0,1,1,1,1,1,1,1,Tübingen-DE,48.5375,9.06,120SE,450,2,0,120,-2.7,81.3,Snowy,,No wind,countryside,,Outdoor,,mixed,,,2
684,101,SCENES,20230208,Niloufar Tabandeh,684,Compact setup,,1039,1039_20240106T1100,20240106,1100,Trajectory,CG,,0,0,1,1,1,1,1,1,1,Singapore-SG,1.3086111111111112,103.88,283W,49,0,0,120,26,76.9,Partially cloudy,,No wind,bedroom,,Indoor w/ window,,daylight,,,2
685,101,SCENES,20230208,Niloufar Tabandeh,685,Compact setup,,1039,1039_20240106T1130,20240106,1130,Trajectory,CG,,0,0,1,1,1,1,1,1,1,Singapore-SG,1.3086111111111112,103.8786111111111,210SW,49,0,0,120,31.7,68.4,Partially cloudy,,No wind,road,,Outdoor,,daylight,,,2
686,101,SCENES,20230208,Niloufar Tabandeh,686,Compact setup,,1039,1039_20240106T1200,20240106,1200,Trajectory,CG,,0,0,1,1,1,1,1,1,1,Singapore-SG,1.3086111111111112,103.88,214SW,49,0,0,120,35,58.3,Cloudy,,No wind,road,,Outdoor,,daylight,,,2
687,101,SCENES,20230208,Niloufar Tabandeh,687,Compact setup,,1039,1039_20240106T1230,20240106,1230,Trajectory,CG,,0,0,1,1,1,1,1,1,1,Singapore-SG,1.3080555555555555,103.87972222222221,346N,49,0,0,120,32.1,68.1,Partially cloudy,,No wind,road,,Outdoor,,daylight,,,2
688,101,SCENES,20230208,Niloufar Tabandeh,688,Compact setup,,1039,1039_20240106T1300,20240106,1300,Trajectory,CG,,0,0,1,1,1,1,1,1,1,Singapore-SG,1.307777777777778,103.87944444444443,6N,16,0,0,120,30.8,68,Partially cloudy,,No wind,park,,Outdoor,,daylight,,,2
689,101,SCENES,20230208,Niloufar Tabandeh,689,Compact setup,,1039,1039_20240106T1330,20240106,1330,Trajectory,CG,,0,0,1,1,1,1,1,1,1,Singapore-SG,1.3086111111111112,103.88,9N,21,0,0,120,31.1,70.7,Cloudy,,No wind,park,,Outdoor,,daylight,,,2
690,101,SCENES,20230208,Niloufar Tabandeh,690,Compact setup,,1039,1039_20240106T1400,20240106,1400,Trajectory,CG,,0,0,1,1,1,1,1,1,1,Singapore-SG,1.3086111111111112,103.87972222222221,280W,20,0,0,120,32.6,66.9,Cloudy,,No wind,park,,Outdoor,,daylight,,,2
691,101,SCENES,20230208,Niloufar Tabandeh,691,Compact setup,,1040,1040_20240107T0930,20240107,930,Timelapse,CG,,0,0,1,1,1,1,1,1,1,Singapore-SG,1.3086111111111112,103.88,3N,32,0,0,120,25.9,82.5,Rainy,,No wind,bedroom,,Indoor w/o window,,mixed,,,2
692,101,SCENES,20230208,Niloufar Tabandeh,692,Compact setup,,1040,1040_20240107T1000,20240107,1000,Timelapse,CG,,0,0,1,1,1,1,1,1,1,Singapore-SG,1.3086111111111112,103.88,3N,32,0,0,120,25.7,83.1,Rainy,,No wind,bedroom,,Indoor w/o window,,mixed,,,2
693,101,SCENES,20230208,Niloufar Tabandeh,693,Compact setup,,1040,1040_20240107T1030,20240107,1030,Timelapse,CG,,0,0,1,1,1,1,1,1,1,Singapore-SG,1.3086111111111112,103.88,3N,32,0,0,120,25.6,83.9,Rainy,,No wind,bedroom,,Indoor w/o window,,mixed,,,2
694,101,SCENES,20230208,Niloufar Tabandeh,694,Compact setup,,1040,1040_20240107T1100,20240107,1100,Timelapse,CG,,0,0,1,1,1,1,1,1,1,Singapore-SG,1.3086111111111112,103.88,3N,32,0,0,120,25.5,84.1,Rainy,,No wind,bedroom,,Indoor w/o window,,mixed,,,2
695,101,SCENES,20230208,Niloufar Tabandeh,695,Compact setup,,1040,1040_20240107T1130,20240107,1130,Timelapse,CG,,0,0,1,1,1,1,1,1,1,Singapore-SG,1.3086111111111112,103.88,3N,32,0,0,120,25.6,83.9,Rainy,,No wind,bedroom,,Indoor w/o window,,mixed,,,2
696,101,SCENES,20230208,Niloufar Tabandeh,696,Compact setup,,1040,1040_20240107T1200,20240107,1200,Timelapse,CG,,0,0,1,1,1,1,1,1,1,Singapore-SG,1.3086111111111112,103.88,3N,32,0,0,120,25.7,82.4,Rainy,,No wind,bedroom,,Indoor w/o window,,mixed,,,2
697,101,SCENES,20230208,Niloufar Tabandeh,697,Full setup,,1041,1041_20240109T0800,20240109,800,Timelapse,NT,,0,0,1,1,1,1,1,1,1,Munich-DE,48.18138888888889,11.535277777777777,299NW,510,3,0,120,19.1,49,Overcast,,Windy,bedroom,,Indoor w/ window,,daylight,,,2
698,101,SCENES,20230208,Niloufar Tabandeh,698,Full setup,,1041,1041_20240109T0830,20240109,830,Timelapse,NT,,0,0,1,1,1,1,1,1,1,Munich-DE,48.18138888888889,11.535277777777777,299NW,510,3,0,120,20.6,44.5,Overcast,,Windy,bedroom,,Indoor w/ window,,daylight,,,2
699,101,SCENES,20230208,Niloufar Tabandeh,699,Full setup,,1041,1041_20240109T0900,20240109,900,Timelapse,NT,,0,0,1,1,1,1,1,1,1,Munich-DE,48.18138888888889,11.535277777777777,299NW,510,3,0,120,20.8,44.2,Overcast,,Windy,bedroom,,Indoor w/ window,,daylight,,,2
700,101,SCENES,20230208,Niloufar Tabandeh,700,Full setup,,1041,1041_20240109T0930,20240109,930,Timelapse,NT,,0,0,1,1,1,1,1,1,1,Munich-DE,48.18138888888889,11.535277777777777,299NW,510,3,0,120,21.3,50.1,Overcast,,Windy,bedroom,,Indoor w/ window,,daylight,,,2
701,101,SCENES,20230208,Niloufar Tabandeh,701,Full setup,,1041,1041_20240109T1000,20240109,1000,Timelapse,NT,,0,0,1,1,1,1,1,1,1,Munich-DE,48.18138888888889,11.535277777777777,299NW,510,3,0,120,21.3,56.9,Overcast,,Windy,bedroom,,Indoor w/ window,,daylight,,,2
702,101,SCENES,20230208,Niloufar Tabandeh,702,Full setup,,1041,1041_20240109T1030,20240109,1030,Timelapse,NT,,0,0,1,1,1,1,1,1,1,Munich-DE,48.18138888888889,11.535277777777777,299NW,510,3,0,120,21.1,56.9,Overcast,,Windy,bedroom,,Indoor w/ window,,daylight,,,2
703,101,SCENES,20230208,Niloufar Tabandeh,703,Full setup,,1041,1041_20240109T1100,20240109,1100,Timelapse,NT,,0,0,1,1,1,1,1,1,1,Munich-DE,48.18138888888889,11.535277777777777,299NW,510,3,0,120,21,55.1,Overcast,,Windy,bedroom,,Indoor w/ window,,daylight,,,2
704,101,SCENES,20230208,Niloufar Tabandeh,704,Full setup,,1041,1041_20240109T1130,20240109,1130,Timelapse,NT,,0,0,1,1,1,1,1,1,1,Munich-DE,48.18138888888889,11.535277777777777,299NW,510,3,0,120,21.2,53.2,Cloudy,,Windy,bedroom,,Indoor w/ window,,daylight,,,2
705,101,SCENES,20230208,Niloufar Tabandeh,705,Full setup,,1041,1041_20240109T1200,20240109,1200,Timelapse,NT,,0,0,1,1,1,1,1,1,1,Munich-DE,48.18138888888889,11.535277777777777,299NW,510,3,0,120,21.4,50.3,Cloudy,,Windy,bedroom,,Indoor w/ window,,daylight,,,2
706,101,SCENES,20230208,Niloufar Tabandeh,706,Full setup,,1041,1041_20240109T1230,20240109,1230,Timelapse,NT,,0,0,1,1,1,1,1,1,1,Munich-DE,48.18138888888889,11.535277777777777,299NW,510,3,0,120,21.6,50.9,Cloudy,,Windy,bedroom,,Indoor w/ window,,daylight,,,2
707,101,SCENES,20230208,Niloufar Tabandeh,707,Full setup,,1041,1041_20240109T1300,20240109,1300,Timelapse,NT,,0,0,1,1,1,1,1,1,1,Munich-DE,48.18138888888889,11.535277777777777,299NW,510,3,0,120,21.8,50.1,Clear,,Windy,bedroom,,Indoor w/ window,,daylight,,,2
708,101,SCENES,20230208,Niloufar Tabandeh,708,Full setup,,1041,1041_20240109T1330,20240109,1330,Timelapse,NT,,0,0,1,1,1,1,1,1,1,Munich-DE,48.18138888888889,11.535277777777777,299NW,510,3,0,120,21.9,48.3,Clear,,Windy,bedroom,,Indoor w/ window,,daylight,,,2
709,101,SCENES,20230208,Niloufar Tabandeh,709,Full setup,,1041,1041_20240109T1400,20240109,1400,Timelapse,NT,,0,0,1,1,1,1,1,1,1,Munich-DE,48.18138888888889,11.535277777777777,299NW,510,3,0,120,22.1,47.1,Clear,,Windy,bedroom,,Indoor w/ window,,daylight,,,2
710,101,SCENES,20230208,Niloufar Tabandeh,710,Full setup,,1041,1041_20240109T1430,20240109,1430,Timelapse,NT,,0,0,1,1,1,1,1,1,1,Munich-DE,48.18138888888889,11.535277777777777,299NW,510,3,0,120,22.2,46.1,Clear,,Windy,bedroom,,Indoor w/ window,,daylight,,,2
711,101,SCENES,20230208,Niloufar Tabandeh,711,Full setup,,1041,1041_20240109T1500,20240109,1500,Timelapse,NT,,0,0,1,1,1,1,1,1,1,Munich-DE,48.18138888888889,11.535277777777777,299NW,510,3,0,120,22.2,46.5,Clear,,Windy,bedroom,,Indoor w/ window,,daylight,,,2
712,101,SCENES,20230208,Niloufar Tabandeh,712,Full setup,,1042,1042_20240110T0830,20240110,830,Timelapse,NT,,0,0,1,1,1,1,1,1,1,Munich-DE,48.17722222222222,11.534444444444444,202SW,510,2,0,120,18.1,20.4,Partially cloudy,,No wind,office,,Indoor w/ window,,daylight,,,2
713,101,SCENES,20230208,Niloufar Tabandeh,713,Full setup,,1042,1042_20240110T0900,20240110,900,Timelapse,NT,,0,0,1,1,1,1,1,1,1,Munich-DE,48.17722222222222,11.534444444444444,202SW,510,2,0,120,19.1,18.6,Partially cloudy,,No wind,office,,Indoor w/ window,,daylight,,,2
714,101,SCENES,20230208,Niloufar Tabandeh,714,Full setup,,1042,1042_20240110T0930,20240110,930,Timelapse,NT,,0,0,1,1,1,1,1,1,1,Munich-DE,48.17722222222222,11.534444444444444,202SW,510,2,0,120,19.5,17.6,Partially cloudy,,No wind,office,,Indoor w/ window,,daylight,,,2
715,101,SCENES,20230208,Niloufar Tabandeh,715,Full setup,,1042,1042_20240110T1000,20240110,1000,Timelapse,NT,,0,0,1,1,1,1,1,1,1,Munich-DE,48.17722222222222,11.534444444444444,202SW,510,2,0,120,19.8,17.1,Partially cloudy,,No wind,office,,Indoor w/ window,,daylight,,,2
716,101,SCENES,20230208,Niloufar Tabandeh,716,Full setup,,1042,1042_20240110T1030,20240110,1030,Timelapse,NT,,0,0,1,1,1,1,1,1,1,Munich-DE,48.17722222222222,11.534444444444444,202SW,510,2,0,120,20,16.7,Partially cloudy,,No wind,office,,Indoor w/ window,,daylight,,,2
717,101,SCENES,20230208,Niloufar Tabandeh,717,Full setup,,1042,1042_20240110T1100,20240110,1100,Timelapse,NT,,0,0,1,1,1,1,1,1,1,Munich-DE,48.17722222222222,11.534444444444444,202SW,510,2,0,120,20.4,16.4,Partially cloudy,,No wind,office,,Indoor w/ window,,daylight,,,2
718,101,SCENES,20230208,Niloufar Tabandeh,718,Full setup,,1042,1042_20240110T1130,20240110,1130,Timelapse,NT,,0,0,1,1,1,1,1,1,1,Munich-DE,48.17722222222222,11.534444444444444,202SW,510,2,0,120,20.4,16.3,Partially cloudy,,No wind,office,,Indoor w/ window,,daylight,,,2
719,101,SCENES,20230208,Niloufar Tabandeh,719,Full setup,,1042,1042_20240110T1200,20240110,1200,Timelapse,NT,,0,0,1,1,1,1,1,1,1,Munich-DE,48.17722222222222,11.534444444444444,202SW,510,2,0,120,20.5,16.3,Partially cloudy,,No wind,office,,Indoor w/ window,,daylight,,,2
720,101,SCENES,20230208,Niloufar Tabandeh,720,Full setup,,1042,1042_20240110T1230,20240110,1230,Timelapse,NT,,0,0,1,1,1,1,1,1,1,Munich-DE,48.17722222222222,11.534444444444444,202SW,510,2,0,120,20.6,16.3,Partially cloudy,,No wind,office,,Indoor w/ window,,daylight,,,2
721,101,SCENES,20230208,Niloufar Tabandeh,721,Full setup,,1042,1042_20240110T1300,20240110,1300,Timelapse,NT,,0,0,1,1,1,1,1,1,1,Munich-DE,48.17722222222222,11.534444444444444,202SW,510,2,0,120,20.7,16.6,Partially cloudy,,No wind,office,,Indoor w/ window,,daylight,,,2
722,101,SCENES,20230208,Niloufar Tabandeh,722,Full setup,,1042,1042_20240110T1330,20240110,1330,Timelapse,NT,,0,0,1,1,1,1,1,1,1,Munich-DE,48.17722222222222,11.534444444444444,202SW,510,2,0,120,20.7,16.8,Cloudy,,No wind,office,,Indoor w/ window,,daylight,,,2
723,101,SCENES,20230208,Niloufar Tabandeh,723,Full setup,,1042,1042_20240110T1400,20240110,1400,Timelapse,NT,,0,0,1,1,1,1,1,1,1,Munich-DE,48.17722222222222,11.534444444444444,202SW,510,2,0,120,20.8,16.7,Cloudy,,No wind,office,,Indoor w/ window,,daylight,,,2
724,101,SCENES,20230208,Niloufar Tabandeh,724,Full setup,,1042,1042_20240110T1430,20240110,1430,Timelapse,NT,,0,0,1,1,1,1,1,1,1,Munich-DE,48.17722222222222,11.534444444444444,202SW,510,2,0,120,21,16.7,Cloudy,,No wind,office,,Indoor w/ window,,daylight,,,2
725,101,SCENES,20230208,Niloufar Tabandeh,725,Full setup,,1042,1042_20240110T1500,20240110,1500,Timelapse,NT,,0,0,1,1,1,1,1,1,1,Munich-DE,48.17722222222222,11.534444444444444,202SW,510,2,0,120,21,16.8,Cloudy,,No wind,office,,Indoor w/ window,,daylight,,,2
726,101,SCENES,20230208,Niloufar Tabandeh,726,Full setup,,1042,1042_20240110T1530,20240110,1530,Timelapse,NT,,0,0,1,1,1,1,1,1,1,Munich-DE,48.17722222222222,11.534444444444444,202SW,510,2,0,120,20.9,16.9,Cloudy,,No wind,office,,Indoor w/ window,,daylight,,,2
727,101,SCENES,20230208,Niloufar Tabandeh,727,Full setup,,1042,1042_20240110T1600,20240110,1600,Timelapse,NT,,0,0,1,1,1,1,1,1,1,Munich-DE,48.17722222222222,11.534444444444444,202SW,510,2,0,120,20.9,16.9,Cloudy,,No wind,office,,Indoor w/ window,,daylight,,,2
728,101,SCENES,20230208,Niloufar Tabandeh,728,Full setup,,1042,1042_20240110T1630,20240110,1630,Timelapse,NT,,0,0,1,1,1,1,1,1,1,Munich-DE,48.17722222222222,11.534444444444444,202SW,510,2,0,120,20.9,16.8,Cloudy,,No wind,office,,Indoor w/ window,,mixed,,,2
729,101,SCENES,20230208,Niloufar Tabandeh,729,Full setup,,1042,1042_20240110T1700,20240110,1700,Timelapse,NT,,0,0,1,1,1,1,1,1,1,Munich-DE,48.17722222222222,11.534444444444444,202SW,510,2,0,120,21.1,17.1,Cloudy,,No wind,office,,Indoor w/ window,,electriclight,,,2
730,101,SCENES,20230208,Niloufar Tabandeh,730,Full setup,,1043,1043_20240111T0900,20240111,900,Trajectory,NT,,0,0,1,1,1,1,1,1,1,Munich-DE,48.176944444444445,11.534444444444444,272W,510,0,0,120,-5.1,59.9,Cloudy,,No wind,skyscraper,,Outdoor,,daylight,,,2
731,101,SCENES,20230208,Niloufar Tabandeh,731,Full setup,,1043,1043_20240111T0930,20240111,930,Trajectory,NT,,0,0,1,1,1,1,1,1,1,Munich-DE,48.17722222222222,11.534166666666666,10N,510,0,0,120,-4.3,83.1,Cloudy,,No wind,city,,Outdoor,,daylight,,,2
732,101,SCENES,20230208,Niloufar Tabandeh,732,Full setup,,1043,1043_20240111T1000,20240111,1000,Trajectory,NT,,0,0,1,1,1,1,1,1,1,Munich-DE,48.176944444444445,11.534444444444444,211SW,510,2,0,120,17.8,21.2,Cloudy,,No wind,office,,Indoor w/ window,,mixed,,,2
733,101,SCENES,20230208,Niloufar Tabandeh,733,Full setup,,1043,1043_20240111T1030,20240111,1030,Trajectory,NT,,0,0,1,1,1,1,1,1,1,Munich-DE,48.176944444444445,11.534444444444444,211SW,510,2,0,120,19.7,18.1,Cloudy,,No wind,office,,Indoor w/ window,,mixed,,,2
734,101,SCENES,20230208,Niloufar Tabandeh,734,Full setup,,1043,1043_20240111T1100,20240111,1100,Trajectory,NT,,0,0,1,1,1,1,1,1,1,Munich-DE,48.176944444444445,11.534444444444444,211SW,510,2,0,120,21.1,16.7,Cloudy,,No wind,office,,Indoor w/ window,,mixed,,,2
735,101,SCENES,20230208,Niloufar Tabandeh,735,Full setup,,1043,1043_20240111T1130,20240111,1130,Trajectory,NT,,0,0,1,1,1,1,1,1,1,Munich-DE,48.176944444444445,11.534444444444444,211SW,510,2,0,120,21.9,16.3,Cloudy,,No wind,office,,Indoor w/ window,,mixed,,,2
736,101,SCENES,20230208,Niloufar Tabandeh,736,Full setup,,1043,1043_20240111T1200,20240111,1200,Trajectory,NT,,0,0,1,1,1,1,1,1,1,Munich-DE,48.176944444444445,11.534444444444444,211SW,510,2,0,120,22.4,16.1,Cloudy,,No wind,office,,Indoor w/ window,,mixed,,,2
737,101,SCENES,20230208,Niloufar Tabandeh,737,Full setup,,1043,1043_20240111T1230,20240111,1230,Trajectory,NT,,0,0,1,1,1,1,1,1,1,Munich-DE,48.176944444444445,11.53277777777778,96E,510,0,0,120,-3.5,70.3,Cloudy,,No wind,skyscraper,,Outdoor,,daylight,,,2
738,101,SCENES,20230208,Niloufar Tabandeh,738,Full setup,,1043,1043_20240111T1300,20240111,1300,Trajectory,NT,,0,0,1,1,1,1,1,1,1,Munich-DE,48.17722222222222,11.534444444444444,330NW,510,2,0,120,16.9,25.4,Cloudy,,No wind,kitchen,,Indoor w/ window,,daylight,,,2
739,101,SCENES,20230208,Niloufar Tabandeh,739,Full setup,,1043,1043_20240111T1330,20240111,1330,Trajectory,NT,,0,0,1,1,1,1,1,1,1,Munich-DE,48.176944444444445,11.534444444444444,211SW,510,2,0,120,21.2,17.9,Cloudy,,No wind,office,,Indoor w/ window,,daylight,,,2
740,101,SCENES,20230208,Niloufar Tabandeh,740,Full setup,,1043,1043_20240111T1400,20240111,1400,Trajectory,NT,,0,0,1,1,1,1,1,1,1,Munich-DE,48.176944444444445,11.534444444444444,211SW,510,2,0,120,22.1,17.3,Cloudy,,No wind,office,,Indoor w/ window,,mixed,,,2
741,101,SCENES,20230208,Niloufar Tabandeh,741,Full setup,,1043,1043_20240111T1430,20240111,1430,Trajectory,NT,,0,0,1,1,1,1,1,1,1,Munich-DE,48.176944444444445,11.534444444444444,211SW,510,2,0,120,20.4,18.5,Cloudy,,No wind,office,,Indoor w/ window,,mixed,,,2
742,101,SCENES,20230208,Niloufar Tabandeh,742,Full setup,,1043,1043_20240111T1500,20240111,1500,Trajectory,NT,,0,0,1,1,1,1,1,1,1,Munich-DE,48.176944444444445,11.534444444444444,211SW,510,2,0,120,22.5,16.9,Cloudy,,No wind,office,,Indoor w/ window,,mixed,,,2
743,101,SCENES,20230208,Niloufar Tabandeh,743,Full setup,,1043,1043_20240111T1530,20240111,1530,Trajectory,NT,,0,0,1,1,1,1,1,1,1,Munich-DE,48.176944444444445,11.534444444444444,211SW,510,2,0,120,23.5,16.1,Cloudy,,No wind,office,,Indoor w/ window,,mixed,,,2
744,101,SCENES,20230208,Niloufar Tabandeh,744,Full setup,,1043,1043_20240111T1600,20240111,1600,Trajectory,NT,,0,0,1,1,1,1,1,1,1,Munich-DE,48.176944444444445,11.534444444444444,211SW,510,2,0,120,23.7,15.9,Cloudy,,No wind,office,,Indoor w/ window,,mixed,,,2
745,101,SCENES,20230208,Niloufar Tabandeh,745,Full setup,,1043,1043_20240111T1630,20240111,1630,Trajectory,NT,,0,0,1,1,1,1,1,1,1,Munich-DE,48.176944444444445,11.534444444444444,95E,510,0,0,120,-0.9,71.7,Cloudy,,No wind,skyscraper,,Outdoor,,daylight,,,2
746,101,SCENES,20230208,Niloufar Tabandeh,746,Full setup,,1043,1043_20240111T1700,20240111,1700,Trajectory,NT,,0,0,1,1,1,1,1,1,1,Munich-DE,48.17722222222222,11.533888888888889,343N,510,0,0,120,-1.8,72.2,Cloudy,,No wind,city,,Outdoor,,mixed,,,2
747,101,SCENES,20230208,Niloufar Tabandeh,747,Full setup,,1044,1044_20240311T0930,20240311,930,Timelapse,NT-AH,,0,0,1,1,1,1,1,1,1,Tübingen-DE,48.55444444444444,9.054722222222223,23NE,450,0,0,134,7.8,73.8,Partially cloudy,,No wind,forest,,Outdoor,,daylight,,,2
748,101,SCENES,20230208,Niloufar Tabandeh,748,Full setup,,1044,1044_20240311T1000,20240311,1000,Timelapse,NT-AH,,0,0,1,1,1,1,1,1,1,Tübingen-DE,48.55444444444444,9.054722222222223,23NE,450,0,0,134,9.6,64.7,Partially cloudy,,No wind,forest,,Outdoor,,daylight,,,2
749,101,SCENES,20230208,Niloufar Tabandeh,749,Full setup,,1044,1044_20240311T1030,20240311,1030,Timelapse,NT-AH,,0,0,1,1,1,1,1,1,1,Tübingen-DE,48.55444444444444,9.054722222222223,23NE,450,0,0,134,12,55,Partially cloudy,,No wind,forest,,Outdoor,,daylight,,,2
750,101,SCENES,20230208,Niloufar Tabandeh,750,Full setup,,1044,1044_20240311T1100,20240311,1100,Timelapse,NT-AH,,0,0,1,1,1,1,1,1,1,Tübingen-DE,48.55444444444444,9.054722222222223,23NE,450,0,0,134,10.2,60.8,Partially cloudy,,No wind,forest,,Outdoor,,daylight,,,2
751,101,SCENES,20230208,Niloufar Tabandeh,751,Full setup,,1044,1044_20240311T1130,20240311,1130,Timelapse,NT-AH,,0,0,1,1,1,1,1,1,1,Tübingen-DE,48.55444444444444,9.054722222222223,23NE,450,0,0,134,12,57.1,Partially cloudy,,No wind,forest,,Outdoor,,daylight,,,2
752,101,SCENES,20230208,Niloufar Tabandeh,752,Full setup,,1044,1044_20240311T1200,20240311,1200,Timelapse,NT-AH,,0,0,1,1,1,1,1,1,1,Tübingen-DE,48.55444444444444,9.054722222222223,23NE,450,0,0,134,15.6,47,Partially cloudy,,Windy,forest,,Outdoor,,daylight,,,2
753,101,SCENES,20230208,Niloufar Tabandeh,753,Full setup,,1044,1044_20240311T1230,20240311,1230,Timelapse,NT-AH,,0,0,1,1,1,1,1,1,1,Tübingen-DE,48.55444444444444,9.054722222222223,23NE,450,0,0,134,12.1,53.5,Partially cloudy,,Windy,forest,,Outdoor,,daylight,,,2
754,101,SCENES,20230208,Niloufar Tabandeh,754,Full setup,,1044,1044_20240311T1300,20240311,1300,Timelapse,NT-AH,,0,0,1,1,1,1,1,1,1,Tübingen-DE,48.55444444444444,9.054722222222223,23NE,450,0,0,134,13.1,48.3,Partially cloudy,,Windy,forest,,Outdoor,,daylight,,,2
755,101,SCENES,20230208,Niloufar Tabandeh,755,Full setup,,1044,1044_20240311T1330,20240311,1330,Timelapse,NT-AH,,0,0,1,1,1,1,1,1,1,Tübingen-DE,48.55444444444444,9.054722222222223,23NE,450,0,0,134,14.1,49.7,Partially cloudy,,Windy,forest,,Outdoor,,daylight,,,2
756,101,SCENES,20230208,Niloufar Tabandeh,756,Full setup,,1044,1044_20240311T1400,20240311,1400,Timelapse,NT-AH,,0,0,1,1,1,1,1,1,1,Tübingen-DE,48.55444444444444,9.054722222222223,23NE,450,0,0,134,17.1,49.3,Partially cloudy,,Windy,forest,,Outdoor,,daylight,,,2
757,101,SCENES,20230208,Niloufar Tabandeh,757,Full setup,,1044,1044_20240311T1430,20240311,1430,Timelapse,NT-AH,,0,0,1,1,1,1,1,1,1,Tübingen-DE,48.55444444444444,9.054722222222223,23NE,450,0,0,134,15.6,50.3,Partially cloudy,,No wind,forest,,Outdoor,,daylight,,,2
758,101,SCENES,20230208,Niloufar Tabandeh,758,Full setup,,1044,1044_20240311T1500,20240311,1500,Timelapse,NT-AH,,0,0,1,1,1,1,1,1,1,Tübingen-DE,48.55444444444444,9.054722222222223,23NE,450,0,0,134,13.9,48.9,Partially cloudy,,No wind,forest,,Outdoor,,daylight,,,2
759,101,SCENES,20230208,Niloufar Tabandeh,759,Full setup,,1044,1044_20240311T1530,20240311,1530,Timelapse,NT-AH,,0,0,1,1,1,1,1,1,1,Tübingen-DE,48.55444444444444,9.054722222222223,23NE,450,0,0,134,12.2,48.4,Rainy,,No wind,forest,,Outdoor,,daylight,,,2
760,101,SCENES,20230208,Niloufar Tabandeh,760,Full setup,,1044,1044_20240311T1600,20240311,1600,Timelapse,NT-AH,,0,0,1,1,1,1,1,1,1,Tübingen-DE,48.55444444444444,9.054722222222223,23NE,450,0,0,134,13.5,44.2,Partially cloudy,,No wind,forest,,Outdoor,,daylight,,,2
761,101,SCENES,20230208,Niloufar Tabandeh,761,Full setup,,1044,1044_20240311T1630,20240311,1630,Timelapse,NT-AH,,0,0,1,1,1,1,1,1,1,Tübingen-DE,48.55444444444444,9.054722222222223,23NE,450,0,0,134,11.4,55.3,Partially cloudy,,No wind,forest,,Outdoor,,daylight,,,2
762,101,SCENES,20230208,Niloufar Tabandeh,762,Full setup,,1044,1044_20240311T1700,20240311,1700,Timelapse,NT-AH,,0,0,1,1,1,1,1,1,1,Tübingen-DE,48.55444444444444,9.054722222222223,23NE,450,0,0,134,10.1,67.4,Partially cloudy,,No wind,forest,,Outdoor,,daylight,,,2
763,101,SCENES,20230208,Niloufar Tabandeh,763,Full setup,,1044,1044_20240311T1730,20240311,1730,Timelapse,NT-AH,,0,0,1,1,1,1,1,1,1,Tübingen-DE,48.55444444444444,9.054722222222223,23NE,450,0,0,134,9.1,70.7,Partially cloudy,,No wind,forest,,Outdoor,,daylight,,,2
764,101,SCENES,20230208,Niloufar Tabandeh,764,Full setup,,1045,1045_20240315T0930,20240315,930,Timelapse,NT-AH,,0,0,1,1,1,1,1,1,1,Tübingen-DE,48.49611111111111,9.002777777777778,187S,330,0,0,130,16.5,52.4,Clear,,No wind,water,,Outdoor,,daylight,,,2
765,101,SCENES,20230208,Niloufar Tabandeh,765,Full setup,,1045,1045_20240315T1000,20240315,1000,Timelapse,NT-AH,,0,0,1,1,1,1,1,1,1,Tübingen-DE,48.49611111111111,9.002777777777778,187S,330,0,0,130,16.4,52.9,Clear,,No wind,water,,Outdoor,,daylight,,,2
766,101,SCENES,20230208,Niloufar Tabandeh,766,Full setup,,1045,1045_20240315T1030,20240315,1030,Timelapse,NT-AH,,0,0,1,1,1,1,1,1,1,Tübingen-DE,48.49611111111111,9.002777777777778,187S,330,0,0,130,17.7,51.8,Clear,,No wind,water,,Outdoor,,daylight,,,2
767,101,SCENES,20230208,Niloufar Tabandeh,767,Full setup,,1045,1045_20240315T1100,20240315,1100,Timelapse,NT-AH,,0,0,1,1,1,1,1,1,1,Tübingen-DE,48.49611111111111,9.002777777777778,187S,330,0,0,130,19.3,48.4,Partially cloudy,,Windy,water,,Outdoor,,daylight,,,2
768,101,SCENES,20230208,Niloufar Tabandeh,768,Full setup,,1045,1045_20240315T1130,20240315,1130,Timelapse,NT-AH,,0,0,1,1,1,1,1,1,1,Tübingen-DE,48.49611111111111,9.002777777777778,187S,330,0,0,130,19.2,45.6,Cloudy,,Windy,water,,Outdoor,,daylight,,,2
769,101,SCENES,20230208,Niloufar Tabandeh,769,Full setup,,1045,1045_20240315T1200,20240315,1200,Timelapse,NT-AH,,0,0,1,1,1,1,1,1,1,Tübingen-DE,48.49611111111111,9.002777777777778,187S,330,0,0,130,17.2,50.9,Cloudy,,Windy,water,,Outdoor,,daylight,,,2
770,101,SCENES,20230208,Niloufar Tabandeh,770,Full setup,,1045,1045_20240315T1230,20240315,1230,Timelapse,NT-AH,,0,0,1,1,1,1,1,1,1,Tübingen-DE,48.49611111111111,9.002777777777778,187S,330,0,0,130,17.3,51,Partially cloudy,,Windy,water,,Outdoor,,daylight,,,2
771,101,SCENES,20230208,Niloufar Tabandeh,771,Full setup,,1045,1045_20240315T1300,20240315,1300,Timelapse,NT-AH,,0,0,1,1,1,1,1,1,1,Tübingen-DE,48.49611111111111,9.002777777777778,187S,330,0,0,130,18,48.2,Partially cloudy,,Windy,water,,Outdoor,,daylight,,jeti: table pressed twice,2
772,101,SCENES,20230208,Niloufar Tabandeh,772,Full setup,,1045,1045_20240315T1330,20240315,1330,Timelapse,NT-AH,,0,0,1,1,1,1,1,1,1,Tübingen-DE,48.49611111111111,9.002777777777778,187S,330,0,0,130,17,50.5,Cloudy,,Windy,water,,Outdoor,,daylight,,,2
773,101,SCENES,20230208,Niloufar Tabandeh,773,Full setup,,1045,1045_20240315T1400,20240315,1400,Timelapse,NT-AH,,0,0,1,1,1,1,1,1,1,Tübingen-DE,48.49611111111111,9.002777777777778,187S,330,0,0,130,16,49.2,Cloudy,,Windy,water,,Outdoor,,daylight,,,2
774,101,SCENES,20230208,Niloufar Tabandeh,774,Full setup,,1045,1045_20240315T1430,20240315,1430,Timelapse,NT-AH,,0,0,1,1,1,1,1,1,1,Tübingen-DE,48.49611111111111,9.002777777777778,187S,330,0,0,130,16.8,49.3,Cloudy,,Windy,water,,Outdoor,,daylight,,,2
775,101,SCENES,20230208,Niloufar Tabandeh,775,Full setup,,1045,1045_20240315T1500,20240315,1500,Timelapse,NT-AH,,0,0,1,1,1,1,1,1,1,Tübingen-DE,48.49611111111111,9.002777777777778,187S,330,0,0,130,17,52.3,Cloudy,,Windy,water,,Outdoor,,daylight,,,2
776,101,SCENES,20230208,Niloufar Tabandeh,776,Full setup,,1045,1045_20240315T1530,20240315,1530,Timelapse,NT-AH,,0,0,1,1,1,1,1,1,1,Tübingen-DE,48.49611111111111,9.002777777777778,187S,330,0,0,130,16.3,55,Cloudy,,No wind,water,,Outdoor,,daylight,,Retrospectively added weather,2
777,101,SCENES,20230208,Niloufar Tabandeh,777,Full setup,,1045,1045_20240315T1600,20240315,1600,Timelapse,NT-AH,,0,0,1,1,1,1,1,1,1,Tübingen-DE,48.49611111111111,9.002777777777778,187S,330,0,0,130,15.8,56.3,Cloudy,,No wind,water,,Outdoor,,daylight,,,2
778,101,SCENES,20230208,Niloufar Tabandeh,778,Full setup,,1045,1045_20240315T1630,20240315,1630,Timelapse,NT-AH,,0,0,1,1,1,1,1,1,1,Tübingen-DE,48.49611111111111,9.002777777777778,187S,330,0,0,130,16.3,56.7,Partially cloudy,,No wind,water,,Outdoor,,daylight,,,2
779,101,SCENES,20230208,Niloufar Tabandeh,779,Full setup,,1045,1045_20240315T1700,20240315,1700,Timelapse,NT-AH,,0,0,1,1,1,1,1,1,1,Tübingen-DE,48.49611111111111,9.002777777777778,187S,330,0,0,130,15.5,58.7,Cloudy,,No wind,water,,Outdoor,,daylight,,,2
780,101,SCENES,20230208,Niloufar Tabandeh,780,Full setup,,1045,1045_20240315T1730,20240315,1730,Timelapse,NT-AH,,0,0,1,1,1,1,1,1,1,Tübingen-DE,48.49611111111111,9.002777777777778,187S,330,0,0,130,14.8,58.1,Cloudy,,No wind,water,,Outdoor,,daylight,,,2
781,101,SCENES,20230208,Niloufar Tabandeh,781,Full setup,,1045,1045_20240315T1800,20240315,1800,Timelapse,NT-AH,,0,0,1,1,1,1,1,1,1,Tübingen-DE,48.49611111111111,9.002777777777778,187S,330,0,0,130,14.8,55.6,Cloudy,,No wind,water,,Outdoor,,daylight,,,2
782,101,SCENES,20230208,Niloufar Tabandeh,782,Full setup,,1045,1045_20240315T1830,20240315,1830,Timelapse,NT-AH,,0,0,1,1,1,1,1,1,1,Tübingen-DE,48.49611111111111,9.002777777777778,187S,330,0,0,130,13.4,60.6,Partially cloudy,,No wind,water,,Outdoor,,daylight,,,2
783,101,SCENES,20230208,Niloufar Tabandeh,783,Full setup,,1045,1045_20240315T1900,20240315,1900,Timelapse,NT-AH,,0,0,1,1,1,1,1,1,1,Tübingen-DE,48.49611111111111,9.002777777777778,187S,330,0,0,130,12.5,64.3,Partially cloudy,,No wind,water,,Outdoor,,daylight,,,2
784,101,SCENES,20230208,Niloufar Tabandeh,784,Full setup,,1046,1046_20240319T1000,20230319,1000,Timelapse,NT-AH,,0,0,1,1,1,1,1,1,1,Tübingen-DE,48.5125,9.35361111111111,262W,480,0,0,130,11.9,71.3,Partially cloudy,,No wind,mountain,,Outdoor,,daylight,,,2
785,101,SCENES,20230208,Niloufar Tabandeh,785,Full setup,,1046,1046_20240319T1030,20230319,1030,Timelapse,NT-AH,,0,0,1,1,1,1,1,1,1,Tübingen-DE,48.5125,9.35361111111111,262W,480,0,0,130,12.3,70.1,Partially cloudy,,No wind,mountain,,Outdoor,,daylight,,,2
786,101,SCENES,20230208,Niloufar Tabandeh,786,Full setup,,1046,1046_20240319T1100,20230319,1100,Timelapse,NT-AH,,0,0,1,1,1,1,1,1,1,Tübingen-DE,48.5125,9.35361111111111,262W,480,0,0,130,13.1,75.6,Cloudy,,No wind,mountain,,Outdoor,,daylight,,,2
787,101,SCENES,20230208,Niloufar Tabandeh,787,Full setup,,1046,1046_20240319T1130,20230319,1130,Timelapse,NT-AH,,0,0,1,1,1,1,1,1,1,Tübingen-DE,48.5125,9.35361111111111,262W,480,0,0,130,12.3,73.6,Cloudy,,No wind,mountain,,Outdoor,,daylight,,,2
788,101,SCENES,20230208,Niloufar Tabandeh,788,Full setup,,1046,1046_20240319T1200,20230319,1200,Timelapse,NT-AH,,0,0,1,1,1,1,1,1,1,Tübingen-DE,48.5125,9.35361111111111,262W,480,0,0,130,13.5,70.9,Partially cloudy,,No wind,mountain,,Outdoor,,daylight,,,2
789,101,SCENES,20230208,Niloufar Tabandeh,789,Full setup,,1046,1046_20240319T1230,20230319,1230,Timelapse,NT-AH,,0,0,1,1,1,1,1,1,1,Tübingen-DE,48.5125,9.35361111111111,262W,480,0,0,130,14.9,65.7,Partially cloudy,,No wind,mountain,,Outdoor,,daylight,,,2
790,101,SCENES,20230208,Niloufar Tabandeh,790,Full setup,,1046,1046_20240319T1300,20230319,1300,Timelapse,NT-AH,,0,0,1,1,1,1,1,1,1,Tübingen-DE,48.5125,9.35361111111111,262W,480,0,0,130,13.7,63.2,Partially cloudy,,No wind,mountain,,Outdoor,,daylight,,,2
791,101,SCENES,20230208,Niloufar Tabandeh,791,Full setup,,1046,1046_20240319T1330,20230319,1330,Timelapse,NT-AH,,0,0,1,1,1,1,1,1,1,Tübingen-DE,48.5125,9.35361111111111,262W,480,0,0,130,16.3,55.8,Partially cloudy,,No wind,mountain,,Outdoor,,daylight,,,2
792,101,SCENES,20230208,Niloufar Tabandeh,792,Full setup,,1046,1046_20240319T1400,20230319,1400,Timelapse,NT-AH,,0,0,1,1,1,1,1,1,1,Tübingen-DE,48.5125,9.35361111111111,262W,480,0,0,130,15.2,61.2,Partially cloudy,,No wind,mountain,,Outdoor,,daylight,,,2
793,101,SCENES,20230208,Niloufar Tabandeh,793,Full setup,,1046,1046_20240319T1430,20230319,1430,Timelapse,NT-AH,,0,0,1,1,1,1,1,1,1,Tübingen-DE,48.5125,9.35361111111111,262W,480,0,0,130,15,55.1,Partially cloudy,,No wind,mountain,,Outdoor,,daylight,,Check whether jeti table was pressed twice,2
794,101,SCENES,20230208,Niloufar Tabandeh,794,Full setup,,1046,1046_20240319T1500,20230319,1500,Timelapse,NT-AH,,0,0,1,1,1,1,1,1,1,Tübingen-DE,48.5125,9.35361111111111,262W,480,0,0,130,15.1,54.7,Partially cloudy,,No wind,mountain,,Outdoor,,daylight,,,2
795,101,SCENES,20230208,Niloufar Tabandeh,795,Full setup,,1046,1046_20240319T1530,20230319,1530,Timelapse,NT-AH,,0,0,1,1,1,1,1,1,1,Tübingen-DE,48.5125,9.35361111111111,262W,480,0,0,130,15.5,47.2,Partially cloudy,,No wind,mountain,,Outdoor,,daylight,,,2
796,101,SCENES,20230208,Niloufar Tabandeh,796,Full setup,,1046,1046_20240319T1600,20230319,1600,Timelapse,NT-AH,,0,0,1,1,1,1,1,1,1,Tübingen-DE,48.5125,9.35361111111111,262W,480,0,0,130,15.3,50.5,Partially cloudy,,No wind,mountain,,Outdoor,,daylight,,,2
797,101,SCENES,20230208,Niloufar Tabandeh,797,Full setup,,1046,1046_20240319T1630,20230319,1630,Timelapse,NT-AH,,0,0,1,1,1,1,1,1,1,Tübingen-DE,48.5125,9.35361111111111,262W,480,0,0,130,15,50.9,Cloudy,,No wind,mountain,,Outdoor,,daylight,,,2
798,101,SCENES,20230208,Niloufar Tabandeh,798,Full setup,,1046,1046_20240319T1700,20230319,1700,Timelapse,NT-AH,,0,0,1,1,1,1,1,1,1,Tübingen-DE,48.5125,9.35361111111111,262W,480,0,0,130,15.6,51.3,Cloudy,,No wind,mountain,,Outdoor,,daylight,,,2
799,101,SCENES,20230208,Niloufar Tabandeh,799,Full setup,,1046,1046_20240319T1730,20230319,1730,Timelapse,NT-AH,,0,0,1,1,1,1,1,1,1,Tübingen-DE,48.5125,9.35361111111111,262W,480,0,0,130,13.6,56.3,Cloudy,,No wind,mountain,,Outdoor,,daylight,,,2
800,101,SCENES,20230208,Niloufar Tabandeh,800,Full setup,,1046,1046_20240319T1800,20230319,1800,Timelapse,NT-AH,,0,0,1,1,1,1,1,1,1,Tübingen-DE,48.5125,9.35361111111111,262W,480,0,0,130,12.5,59.7,Partially cloudy,,No wind,mountain,,Outdoor,,daylight,,,2
801,101,SCENES,20230208,Niloufar Tabandeh,801,Full setup,,1046,1046_20240319T1830,20230319,1830,Timelapse,NT-AH,,0,0,1,1,1,1,1,1,1,Tübingen-DE,48.5125,9.35361111111111,262W,480,0,0,130,11.4,69.5,Partially cloudy,,No wind,mountain,,Outdoor,,daylight,,,2
802,101,SCENES,20230208,Niloufar Tabandeh,802,Full setup,,1046,1046_20240319T1900,20230319,1900,Timelapse,NT-AH,,0,0,1,1,1,1,1,1,1,Tübingen-DE,48.5125,9.35361111111111,262W,480,0,0,130,10.6,69.7,Partially cloudy,,No wind,mountain,,Outdoor,,daylight,,,2
803,101,SCENES,20230208,Niloufar Tabandeh,803,Full setup,,1047,1047_20240320T1000,20240320,1000,Timelapse,NT-AH,,0,0,1,1,1,1,1,1,1,Tübingen-DE,48.565555555555555,9.072222222222223,133SO,390,0,0,130,12.1,66.5,Partially cloudy,,No wind,forest,,Outdoor,,daylight,,,2
804,101,SCENES,20230208,Niloufar Tabandeh,804,Full setup,,1047,1047_20240320T1030,20240320,1030,Timelapse,NT-AH,,0,0,1,1,1,1,1,1,1,Tübingen-DE,48.565555555555555,9.072222222222223,133SO,390,0,0,130,13.6,56.6,Partially cloudy,,No wind,forest,,Outdoor,,daylight,,,2
805,101,SCENES,20230208,Niloufar Tabandeh,805,Full setup,,1047,1047_20240320T1100,20240320,1100,Timelapse,NT-AH,,0,0,1,1,1,1,1,1,1,Tübingen-DE,48.565555555555555,9.072222222222223,133SO,390,0,0,130,16.4,49.6,Partially cloudy,,No wind,forest,,Outdoor,,daylight,,,2
806,101,SCENES,20230208,Niloufar Tabandeh,806,Full setup,,1047,1047_20240320T1130,20240320,1130,Timelapse,NT-AH,,0,0,1,1,1,1,1,1,1,Tübingen-DE,48.565555555555555,9.072222222222223,133SO,390,0,0,130,17.3,41.2,Partially cloudy,,No wind,forest,,Outdoor,,daylight,,,2
807,101,SCENES,20230208,Niloufar Tabandeh,807,Full setup,,1047,1047_20240320T1200,20240320,1200,Timelapse,NT-AH,,0,0,1,0,0,1,1,1,1,Tübingen-DE,48.565555555555555,9.072222222222223,133SO,390,0,0,130,20.1,35.9,Partially cloudy,,No wind,forest,,Outdoor,,daylight,,,1
808,101,SCENES,20230208,Niloufar Tabandeh,808,Full setup,,1047,1047_20240320T1230,20240320,1230,Timelapse,NT-AH,,0,0,1,1,1,1,1,1,1,Tübingen-DE,48.565555555555555,9.072222222222223,133SO,390,0,0,130,18.5,38.9,Partially cloudy,,No wind,forest,,Outdoor,,daylight,,,2
809,101,SCENES,20230208,Niloufar Tabandeh,809,Full setup,,1047,1047_20240320T1300,20240320,1300,Timelapse,NT-AH,,0,0,1,1,1,1,1,1,1,Tübingen-DE,48.565555555555555,9.072222222222223,133SO,390,0,0,130,19.9,32.5,Partially cloudy,,No wind,forest,,Outdoor,,daylight,,,2
810,101,SCENES,20230208,Niloufar Tabandeh,810,Full setup,,1047,1047_20240320T1330,20240320,1330,Timelapse,NT-AH,,0,0,1,1,1,1,1,1,1,Tübingen-DE,48.565555555555555,9.072222222222223,133SO,390,0,0,130,19.4,37,Partially cloudy,,No wind,forest,,Outdoor,,daylight,,,2
811,101,SCENES,20230208,Niloufar Tabandeh,811,Full setup,,1047,1047_20240320T1400,20240320,1400,Timelapse,NT-AH,,0,0,1,1,1,1,1,1,1,Tübingen-DE,48.565555555555555,9.072222222222223,133SO,390,0,0,130,18.3,40.4,Partially cloudy,,No wind,forest,,Outdoor,,daylight,,,2
812,101,SCENES,20230208,Niloufar Tabandeh,812,Full setup,,1047,1047_20240320T1430,20240320,1430,Timelapse,NT-AH,,0,0,1,1,1,1,1,1,1,Tübingen-DE,48.565555555555555,9.072222222222223,133SO,390,0,0,130,18.9,36.1,Partially cloudy,,No wind,forest,,Outdoor,,daylight,,,2
813,101,SCENES,20230208,Niloufar Tabandeh,813,Full setup,,1047,1047_20240320T1500,20240320,1500,Timelapse,NT-AH,,0,0,1,1,1,1,1,1,1,Tübingen-DE,48.565555555555555,9.072222222222223,133SO,390,0,0,130,20.8,31.6,Partially cloudy,,No wind,forest,,Outdoor,,daylight,,,2
814,101,SCENES,20230208,Niloufar Tabandeh,814,Full setup,,1047,1047_20240320T1530,20240320,1530,Timelapse,NT-AH,,0,0,1,1,1,1,1,1,1,Tübingen-DE,48.565555555555555,9.072222222222223,133SO,390,0,0,130,19.6,35.1,Partially cloudy,,No wind,forest,,Outdoor,,daylight,,,2
815,101,SCENES,20230208,Niloufar Tabandeh,815,Full setup,,1047,1047_20240320T1600,20240320,1600,Timelapse,NT-AH,,0,0,1,1,1,1,1,1,1,Tübingen-DE,48.565555555555555,9.072222222222223,133SO,390,0,0,130,20.6,32.9,Partially cloudy,,No wind,forest,,Outdoor,,daylight,,,2
816,101,SCENES,20230208,Niloufar Tabandeh,816,Full setup,,1047,1047_20240320T1630,20240320,1630,Timelapse,NT-AH,,0,0,1,1,1,1,1,1,1,Tübingen-DE,48.565555555555555,9.072222222222223,133SO,390,0,0,130,19.2,47.9,Partially cloudy,,No wind,forest,,Outdoor,,daylight,,,2
817,101,SCENES,20230208,Niloufar Tabandeh,817,Full setup,,1047,1047_20240320T1700,20240320,1700,Timelapse,NT-AH,,0,0,1,1,1,1,1,1,1,Tübingen-DE,48.565555555555555,9.072222222222223,133SO,390,0,0,130,18.4,44.3,Partially cloudy,,No wind,forest,,Outdoor,,daylight,,,2
818,101,SCENES,20230208,Niloufar Tabandeh,818,Full setup,,1047,1047_20240320T1730,20240320,1730,Timelapse,NT-AH,,0,0,1,1,1,1,1,1,1,Tübingen-DE,48.565555555555555,9.072222222222223,133SO,390,0,0,130,17.1,54.9,Partially cloudy,,No wind,forest,,Outdoor,,daylight,,,2
819,101,SCENES,20230208,Niloufar Tabandeh,819,Full setup,,1047,1047_20240320T1800,20240320,1800,Timelapse,NT-AH,,0,0,1,1,1,0,1,1,1,Tübingen-DE,48.565555555555555,9.072222222222223,133SO,390,0,0,130,14.8,63.8,Partially cloudy,,No wind,forest,,Outdoor,,daylight,,Klein missing,1
820,101,SCENES,20230208,Niloufar Tabandeh,820,Full setup,,1047,1047_20240320T1830,20240320,1830,Timelapse,NT-AH,,0,0,1,1,1,1,1,1,1,Tübingen-DE,48.565555555555555,9.072222222222223,133SO,390,0,0,130,13.1,71.4,Partially cloudy,,No wind,forest,,Outdoor,,daylight,,,2
821,101,SCENES,20230208,Niloufar Tabandeh,821,Full setup,,1047,1047_20240320T1900,20240320,1900,Timelapse,NT-AH,,0,0,1,1,1,1,1,1,1,Tübingen-DE,48.565555555555555,9.072222222222223,133SO,390,0,0,130,11.5,76.3,Partially cloudy,,No wind,forest,,Outdoor,,daylight,,,2
822,101,SCENES,20230208,Niloufar Tabandeh,822,Full setup,,1048,1048_20240322T0930,20240322,930,Timelapse,NT-AH,,0,0,1,1,1,1,1,1,1,Tübingen-DE,48.49638888888889,9.0075,242SW,320,0,0,130,15.3,55.4,Partially cloudy,,No wind,water,,Outdoor,,daylight,,,2
823,101,SCENES,20230208,Niloufar Tabandeh,823,Full setup,,1048,1048_20240322T1000,20240322,1000,Timelapse,NT-AH,,0,0,1,1,1,1,1,1,1,Tübingen-DE,48.49638888888889,9.0075,242SW,320,0,0,130,18.5,47.2,Partially cloudy,,No wind,water,,Outdoor,,daylight,,,2
824,101,SCENES,20230208,Niloufar Tabandeh,824,Full setup,,1048,1048_20240322T1100,20240322,1100,Timelapse,NT-AH,,0,0,1,1,1,1,1,1,1,Tübingen-DE,48.49638888888889,9.0075,242SW,320,0,0,130,20.5,40,Partially cloudy,,No wind,water,,Outdoor,,daylight,,,2
825,101,SCENES,20230208,Niloufar Tabandeh,825,Full setup,,1048,1048_20240322T1130,20240322,1130,Timelapse,NT-AH,,0,0,1,1,1,1,1,1,1,Tübingen-DE,48.49638888888889,9.0075,242SW,320,0,0,130,20.9,35.9,Partially cloudy,,No wind,water,,Outdoor,,daylight,,,2
826,101,SCENES,20230208,Niloufar Tabandeh,826,Full setup,,1048,1048_20240322T1200,20240322,1200,Timelapse,NT-AH,,0,0,1,1,1,1,1,1,1,Tübingen-DE,48.49638888888889,9.0075,242SW,320,0,0,130,20.5,38,Partially cloudy,,No wind,water,,Outdoor,,daylight,,,2
827,101,SCENES,20230208,Niloufar Tabandeh,827,Full setup,,1048,1048_20240322T1230,20240322,1230,Timelapse,NT-AH,,0,0,1,1,1,1,1,1,1,Tübingen-DE,48.49638888888889,9.0075,242SW,320,0,0,130,20.9,36.6,Partially cloudy,,No wind,water,,Outdoor,,daylight,,,2
828,101,SCENES,20230208,Niloufar Tabandeh,828,Full setup,,1048,1048_20240322T1300,20240322,1300,Timelapse,NT-AH,,0,0,1,1,1,1,1,1,1,Tübingen-DE,48.49638888888889,9.0075,242SW,320,0,0,130,20.3,37.7,Partially cloudy,,No wind,water,,Outdoor,,daylight,,,2
829,101,SCENES,20230208,Niloufar Tabandeh,829,Full setup,,1048,1048_20240322T1330,20240322,1330,Timelapse,NT-AH,,0,0,1,1,1,1,1,1,1,Tübingen-DE,48.49638888888889,9.0075,242SW,320,0,0,130,21.2,33,Partially cloudy,,No wind,water,,Outdoor,,daylight,,,2
830,101,SCENES,20230208,Niloufar Tabandeh,830,Full setup,,1048,1048_20240322T1400,20240322,1400,Timelapse,NT-AH,,0,0,1,1,1,1,1,1,1,Tübingen-DE,48.49638888888889,9.0075,242SW,320,0,0,130,21,31.9,Partially cloudy,,No wind,water,,Outdoor,,daylight,,,2
831,101,SCENES,20230208,Niloufar Tabandeh,831,Full setup,,1048,1048_20240322T1430,20240322,1430,Timelapse,NT-AH,,0,0,1,1,1,1,1,1,1,Tübingen-DE,48.49638888888889,9.0075,242SW,320,0,0,130,21.9,32.2,Partially cloudy,,No wind,water,,Outdoor,,daylight,,,2
832,101,SCENES,20230208,Niloufar Tabandeh,832,Full setup,,1048,1048_20240322T1500,20240322,1500,Timelapse,NT-AH,,0,0,1,1,1,1,1,1,1,Tübingen-DE,48.49638888888889,9.0075,242SW,320,0,0,130,22,31.1,Partially cloudy,,Windy,water,,Outdoor,,daylight,,,2
833,101,SCENES,20230208,Niloufar Tabandeh,833,Full setup,,1048,1048_20240322T1530,20240322,1530,Timelapse,NT-AH,,0,0,1,1,1,1,1,1,1,Tübingen-DE,48.49638888888889,9.0075,242SW,320,0,0,130,21.8,26.1,Partially cloudy,,No wind,water,,Outdoor,,daylight,,,2
834,101,SCENES,20230208,Niloufar Tabandeh,834,Full setup,,1048,1048_20240322T1600,20240322,1600,Timelapse,NT-AH,,0,0,1,1,1,1,1,1,1,Tübingen-DE,48.49638888888889,9.0075,242SW,320,0,0,130,20,30.2,Partially cloudy,,No wind,water,,Outdoor,,daylight,,,2
835,101,SCENES,20230208,Niloufar Tabandeh,835,Full setup,,1048,1048_20240322T1630,20240322,1630,Timelapse,NT-AH,,0,0,1,1,1,1,1,1,1,Tübingen-DE,48.49638888888889,9.0075,242SW,320,0,0,130,20,"31,8",Partially cloudy,,No wind,water,,Outdoor,,daylight,,,2
836,101,SCENES,20230208,Niloufar Tabandeh,836,Full setup,,1048,1048_20240322T1700,20240322,1700,Timelapse,NT-AH,,0,0,1,1,1,1,1,1,1,Tübingen-DE,48.49638888888889,9.0075,242SW,320,0,0,130,18.8,30,Cloudy,,No wind,water,,Outdoor,,daylight,,,2
837,101,SCENES,20230208,Niloufar Tabandeh,837,Full setup,,1048,1048_20240322T1730,20240322,1730,Timelapse,NT-AH,,0,0,1,1,1,1,1,1,1,Tübingen-DE,48.49638888888889,9.0075,242SW,320,0,0,130,18.5,5,Cloudy,,No wind,water,,Outdoor,,daylight,,,2
838,101,SCENES,20230208,Niloufar Tabandeh,838,Full setup,,1048,1048_20240322T1800,20240322,1800,Timelapse,NT-AH,,0,0,1,1,1,1,1,1,1,Tübingen-DE,48.49638888888889,9.0075,242SW,320,0,0,130,17.6,36.2,Partially cloudy,,No wind,water,,Outdoor,,daylight,,,2
839,101,SCENES,20230208,Niloufar Tabandeh,839,Full setup,,1048,1048_20240322T1830,20240322,1830,Timelapse,NT-AH,,0,0,1,1,1,1,1,1,1,Tübingen-DE,48.49638888888889,9.0075,242SW,320,0,0,130,15.5,52.4,Partially cloudy,,No wind,water,,Outdoor,,daylight,,,2
840,101,SCENES,20230208,Niloufar Tabandeh,840,Full setup,,1048,1048_20240322T1900,20240322,1900,Timelapse,NT-AH,,0,0,1,1,1,1,1,1,1,Tübingen-DE,48.49638888888889,9.0075,242SW,320,0,0,130,13.8,60.4,Partially cloudy,,No wind,water,,Outdoor,,daylight,,,2
841,101,SCENES,20230208,Niloufar Tabandeh,841,Full setup,,1048,1048_20240322T1930,20240322,1930,Timelapse,NT-AH,,0,0,1,1,1,1,1,1,1,Tübingen-DE,48.49638888888889,9.0075,242SW,320,0,0,130,12.6,61.5,Clear,,No wind,water,,Outdoor,,daylight,,jeti: table pressed twice,2
842,101,SCENES,20230208,Niloufar Tabandeh,842,WP setup,,1049,1049_20240730T1400,20240730,1400,Timelapse,NT,,0,0,1,1,1,0,0,0,0,Chexbres-CH,46.484722222222224,6.775833333333333,195S,600,1,0,130,29.7,46.3,Partially cloudy,,No wind,countryside,,Outdoor,,daylight,,,2
843,101,SCENES,20230208,Niloufar Tabandeh,843,WP setup,,1049,1049_20240730T1430,20240730,1430,Timelapse,NT,,0,0,1,1,1,0,0,0,0,Chexbres-CH,46.484722222222224,6.775833333333333,195S,600,1,0,130,31.4,41.4,Partially cloudy,,No wind,countryside,,Outdoor,,daylight,,,2
844,101,SCENES,20230208,Niloufar Tabandeh,844,WP setup,,1049,1049_20240730T1500,20240730,1500,Timelapse,NT,,0,0,1,1,1,0,0,0,0,Chexbres-CH,46.484722222222224,6.775833333333333,195S,600,1,0,130,30.5,44.3,Partially cloudy,,No wind,countryside,,Outdoor,,daylight,,,2
845,101,SCENES,20230208,Niloufar Tabandeh,845,WP setup,,1049,1049_20240730T1530,20240730,1530,Timelapse,NT,,0,0,1,1,1,0,0,0,0,Chexbres-CH,46.484722222222224,6.775833333333333,195S,600,1,0,130,30.7,42.5,Partially cloudy,,No wind,countryside,,Outdoor,,daylight,,,2
846,101,SCENES,20230208,Niloufar Tabandeh,846,WP setup,,1049,1049_20240730T1600,20240730,1600,Timelapse,NT,,0,0,1,1,1,0,0,0,0,Chexbres-CH,46.484722222222224,6.775833333333333,195S,600,1,0,130,30.8,41.8,Partially cloudy,,No wind,countryside,,Outdoor,,daylight,,,2
847,101,SCENES,20230208,Niloufar Tabandeh,847,WP setup,,1049,1049_20240730T1630,20240730,1630,Timelapse,NT,,0,0,1,1,1,0,0,0,0,Chexbres-CH,46.484722222222224,6.775833333333333,195S,600,1,0,130,30.7,42.9,Partially cloudy,,No wind,countryside,,Outdoor,,daylight,,,2
848,101,SCENES,20230208,Niloufar Tabandeh,848,WP setup,,1049,1049_20240730T1700,20240730,1700,Timelapse,NT,,0,0,1,1,1,0,0,0,0,Chexbres-CH,46.484722222222224,6.775833333333333,195S,600,1,0,130,29.8,45.5,Cloudy,,No wind,countryside,,Outdoor,,daylight,,,2
849,101,SCENES,20230208,Niloufar Tabandeh,849,WP setup,,1049,1049_20240730T1730,20240730,1730,Timelapse,NT,,0,0,1,1,1,0,0,0,0,Chexbres-CH,46.484722222222224,6.775833333333333,195S,600,1,0,130,29.8,48.4,Cloudy,,No wind,countryside,,Outdoor,,daylight,,,2
850,101,SCENES,20230208,Niloufar Tabandeh,850,WP setup,,1049,1049_20240730T1800,20240730,1800,Timelapse,NT,,0,0,1,1,1,0,0,0,0,Chexbres-CH,46.484722222222224,6.775833333333333,195S,600,1,0,130,29.5,48.4,Cloudy,,No wind,countryside,,Outdoor,,daylight,,,2
851,101,SCENES,20230208,Niloufar Tabandeh,851,WP setup,,1049,1049_20240730T1830,20240730,1830,Timelapse,NT,,0,0,1,1,1,0,0,0,0,Chexbres-CH,46.484722222222224,6.775833333333333,195S,600,1,0,130,29.2,52.7,Cloudy,,No wind,countryside,,Outdoor,,daylight,,,2
852,101,SCENES,20230208,Niloufar Tabandeh,852,WP setup,,1049,1049_20240730T1900,20240730,1900,Timelapse,NT,,0,0,1,1,1,0,0,0,0,Chexbres-CH,46.484722222222224,6.775833333333333,195S,600,1,0,130,29,59.2,Cloudy,,No wind,countryside,,Outdoor,,daylight,,,2
853,101,SCENES,20230208,Niloufar Tabandeh,853,WP setup,,1049,1049_20240730T1930,20240730,1930,Timelapse,NT,,0,0,1,1,1,0,0,0,0,Chexbres-CH,46.484722222222224,6.775833333333333,195S,600,1,0,130,28.8,59.4,Cloudy,,No wind,countryside,,Outdoor,,daylight,,,2
854,101,SCENES,20230208,Niloufar Tabandeh,854,WP setup,,1049,1049_20240730T2000,20240730,2000,Timelapse,NT,,0,0,1,1,1,0,0,0,0,Chexbres-CH,46.484722222222224,6.775833333333333,195S,600,1,0,130,28.4,68.5,Cloudy,,No wind,countryside,,Outdoor,,daylight,,,2
855,101,SCENES,20230208,Niloufar Tabandeh,855,WP setup,,1049,1049_20240730T2030,20240730,2030,Timelapse,NT,,0,0,1,1,1,0,0,0,0,Chexbres-CH,46.484722222222224,6.775833333333333,195S,600,1,0,130,27.8,61.8,Cloudy,,No wind,countryside,,Outdoor,,daylight,,,2
856,101,SCENES,20230208,Niloufar Tabandeh,856,WP setup,,1049,1049_20240730T2100,20240730,2100,Timelapse,NT,,0,0,1,1,1,0,0,0,0,Chexbres-CH,46.484722222222224,6.775833333333333,195S,600,1,0,130,27.2,62.9,Cloudy,,No wind,countryside,,Outdoor,,daylight,,,2
857,101,SCENES,20230208,Niloufar Tabandeh,857,WP setup,,1049,1049_20240730T2130,20240730,2130,Timelapse,NT,,0,0,1,1,1,0,0,0,0,Chexbres-CH,46.484722222222224,6.775833333333333,195S,600,1,0,130,26.7,65.8,Cloudy,,No wind,countryside,,Outdoor,,daylight,,,2
858,101,SCENES,20230208,Niloufar Tabandeh,858,WP setup,,1050,1050_20240801T0830,20240801,830,Trajectory,NT,,0,0,1,1,1,0,0,0,0,Chexbres-CH,46.484722222222224,6.775833333333333,170S,610,2,0,130,25.6,52.7,Partially cloudy,,No wind,countryside,,Outdoor,,daylight,,,2
859,101,SCENES,20230208,Niloufar Tabandeh,859,WP setup,,1050,1050_20240801T0900,20240801,900,Trajectory,NT,,0,0,1,1,1,0,0,0,0,Chexbres-CH,46.484722222222224,6.775833333333333,99E,610,0,0,130,22.6,67.4,Partially cloudy,,No wind,countryside,,Outdoor,,daylight,,,2
860,101,SCENES,20230208,Niloufar Tabandeh,860,WP setup,,1050,1050_20240801T0930,20240801,930,Trajectory,NT,,0,0,1,1,1,0,0,0,0,Chexbres-CH,46.484722222222224,6.776111111111111,135SE,610,1,0,130,23.6,62.8,Partially cloudy,,No wind,countryside,,Outdoor,,daylight,,,2
861,101,SCENES,20230208,Niloufar Tabandeh,861,WP setup,,1050,1050_20240801T1000,20240801,1000,Trajectory,NT,,0,0,1,1,1,0,0,0,0,Chexbres-CH,46.484722222222224,6.776111111111111,125SE,610,1,0,130,24.7,61.3,Partially cloudy,,No wind,classroom,,Indoor w/o window,,daylight,,,2
862,101,SCENES,20230208,Niloufar Tabandeh,862,WP setup,,1050,1050_20240801T1030,20240801,1030,Trajectory,NT,,0,0,1,1,1,0,0,0,0,Chexbres-CH,46.484722222222224,6.776111111111111,125SE,610,1,0,130,24.2,61.5,Cloudy,,No wind,classroom,,Indoor w/o window,,daylight,,,2
863,101,SCENES,20230208,Niloufar Tabandeh,863,WP setup,,1050,1050_20240801T1100,20240801,1100,Trajectory,NT,,0,0,1,1,1,0,0,0,0,Chexbres-CH,46.484722222222224,6.776111111111111,125SE,610,1,0,130,25.9,57,Cloudy,,No wind,classroom,,Indoor w/o window,,daylight,,,2
864,101,SCENES,20230208,Niloufar Tabandeh,864,WP setup,,1050,1050_20240801T1130,20240801,1130,Trajectory,NT,,0,0,1,1,1,0,0,0,0,Chexbres-CH,46.484722222222224,6.776111111111111,125SE,610,1,0,130,25.8,56.9,Partially cloudy,,No wind,classroom,,Indoor w/o window,,daylight,,,2
865,101,SCENES,20230208,Niloufar Tabandeh,865,WP setup,,1050,1050_20240801T1200,20240801,1200,Trajectory,NT,,0,0,1,1,1,0,0,0,0,Chexbres-CH,46.484722222222224,6.776111111111111,125SE,610,1,0,130,26,56.4,Partially cloudy,,No wind,classroom,,Indoor w/o window,,daylight,,,2
866,101,SCENES,20230208,Niloufar Tabandeh,866,WP setup,,1050,1050_20240801T1230,20240801,1230,Trajectory,NT,,0,0,1,1,1,0,0,0,0,Chexbres-CH,46.484722222222224,6.776111111111111,125SE,610,1,0,130,27.4,53.9,Partially cloudy,,No wind,classroom,,Indoor w/o window,,daylight,,,2
867,101,SCENES,20230208,Niloufar Tabandeh,867,WP setup,,1050,1050_20240801T1300,20240801,1300,Trajectory,NT,,0,0,1,1,1,0,0,0,0,Chexbres-CH,46.484722222222224,6.775833333333333,273W,610,1,0,130,27.3,53.8,Partially cloudy,,No wind,dining room,,Indoor w/ window,,daylight,,,2
868,101,SCENES,20230208,Niloufar Tabandeh,868,WP setup,,1050,1050_20240801T1330,20240801,1330,Trajectory,NT,,0,0,1,1,1,0,0,0,0,Chexbres-CH,46.484722222222224,6.775833333333333,243SW,600,0,0,130,31.8,46.1,Partially cloudy,,No wind,countryside,,Outdoor,,daylight,,,2
869,101,SCENES,20230208,Niloufar Tabandeh,869,WP setup,,1050,1050_20240801T1400,20240801,1400,Trajectory,NT,,0,0,1,1,1,0,0,0,0,Chexbres-CH,46.484722222222224,6.775833333333333,119SE,610,1,0,130,29.2,54.2,Partially cloudy,,No wind,classroom,,Indoor w/o window,,daylight,,,2
870,101,SCENES,20230208,Niloufar Tabandeh,870,WP setup,,1050,1050_20240801T1430,20240801,1430,Trajectory,NT,,0,0,1,1,1,0,0,0,0,Chexbres-CH,46.484722222222224,6.776111111111111,119SE,610,1,0,130,31.3,43.4,Partially cloudy,,No wind,classroom,,Indoor w/o window,,daylight,,,2
871,101,SCENES,20230208,Niloufar Tabandeh,871,WP setup,,1050,1050_20240801T1500,20240801,1500,Trajectory,NT,,0,0,1,1,1,0,0,0,0,Chexbres-CH,46.484722222222224,6.776111111111111,119SE,610,1,0,130,29.5,48.9,Partially cloudy,,No wind,classroom,,Indoor w/o window,,daylight,,,2
872,101,SCENES,20230208,Niloufar Tabandeh,872,WP setup,,1050,1050_20240801T1530,20240801,1530,Trajectory,NT,,0,0,1,1,1,0,0,0,0,Chexbres-CH,46.484722222222224,6.776111111111111,119SE,610,1,0,130,29.8,49.6,Cloudy,,No wind,classroom,,Indoor w/o window,,daylight,,,2
873,101,SCENES,20230208,Niloufar Tabandeh,873,WP setup,,1050,1050_20240801T1600,20240801,1600,Trajectory,NT,,0,0,1,1,1,0,0,0,0,Chexbres-CH,46.484722222222224,6.776111111111111,119SE,610,1,0,130,26.9,67.4,Rainy,,No wind,classroom,,Indoor w/o window,,daylight,,,2
874,101,SCENES,20230208,Niloufar Tabandeh,874,WP setup,,1050,1050_20240801T1630,20240801,1630,Trajectory,NT,,0,0,1,1,1,0,0,0,0,Chexbres-CH,46.484722222222224,6.776111111111111,119SE,610,1,0,130,25.8,67.9,Partially cloudy,,No wind,classroom,,Indoor w/o window,,daylight,,,2
875,101,SCENES,20230208,Niloufar Tabandeh,875,WP setup,,1050,1050_20240801T1700,20240801,1700,Trajectory,NT,,0,0,1,1,1,0,0,0,0,Chexbres-CH,46.484722222222224,6.776111111111111,99E,610,0,0,130,23.5,69.9,Partially cloudy,,Windy,countryside,,Outdoor,,daylight,,,2
